[
  {
    "filetype": "local",
    "num": "23",
    "data": [
      {
        "title_ru": "Тяжелый и сложный день",
        "cat_ru": "Общие сведения",
        "note_ru": "В этот период может возникнуть агрессия, апатия. Связан с насилием, разрушением старого, с коренной реформой. В этот день в человеке легко высвобождаются инстинкт захвата, неуемный аппетит, склонность к бреду, дракам, авантюрам. День разгула вампиров и кровососов, он может стать днем самопожертвования, покаяния, понимания и прощения. Этот день также связан с травлей, преследованием, изгнанием, следует остерегаться столкновения с рассвирепевшей толпой, не поддаваться провокациям, соблазну мщения.\n\nДень покаяния, практикуют все виды самообороны, в том числе мистические, но только как возможности, а не активной тренировкой. Следует подавлять боязнь и страх. Нельзя бездельничать. Время ущербной луны и энергетика наша тоже ущербная. Все валится из рук, мы чувствуем себя неполноценными. Не надо себя ругать. Вы существо космическое, а Космос в этот момент влияет именно так, что наша энергия убывает. Все, что мы делаем в это время, должно быть очень важно, весомо и значительно — вы как бы подводите итоги прожитого, делаете самые главные дела. Не злоупотребляйте силами, не расходуйте их впустую — впереди еще дни Гекаты, сулящие еще более тяжелое состояние. Так же, как и в пожилом возрасте, люди часто приходят к мудрости, начинают понимать то, о чем раньше не догадывались так и в четвертую фазу Луны при убывающих физических силах мы можем получить новые духовные силы, нам открывается какая-то мудрость, новое знание и понимание мира. Это произойдет в том случае, если мы грамотно и толково прожили предыдущие фазы, не растратили попусту бьющие через край силы, а применили их на достижение действительно важных целей. \n\nМы должны подойти к этому периоду с ощущением, что месяц прошел не зря, что мы делали все, что могли и теперь можем спокойно переходить от активности к пассивности. Тогда придут и новые знания о мире и себе.",
        "title_ru": "День мудрости, получения и использования знаний",
        "cat_en": "General information",
        "note_en": "During this period, aggression and apathy may arise. It is associated with violence, the destruction of the old, with a radical reform. On this day, the instinct of capture, an irrepressible appetite, a tendency to delirium, fights, adventures are easily released in a person. A day of rampant vampires and bloodsuckers, it can become a day of self-sacrifice, repentance, understanding and forgiveness. This day is also associated with persecution, persecution, exile, one should beware of clashes with a furious crowd, do not succumb to provocations, the temptation of revenge. \n\nThe Day of Repentance, they practice all types of self-defense, including mystical ones, but only as opportunities, and not active training ... Fear and fear should be suppressed. You can't mess around. The time of the defective moon and our energy is also defective. Everything falls out of hand, we feel inferior. Don't scold yourself. You are a cosmic being, and the Cosmos at this moment influences in such a way that our energy decreases. Everything that we do at this time must be very important, weighty and significant - you kind of let down the results of the past, do the most important things. Do not abuse your forces, do not waste them - the days of Hecate are still ahead, promising an even more difficult condition. Just as in old age, people often come to wisdom, begin to understand what they did not know about before, and in the fourth phase of the Moon, with decreasing physical forces, we can receive new spiritual forces, some kind of wisdom, new knowledge is revealed to us and understanding of the world. This will happen if we competently and sensibly lived through the previous phases, did not waste the overwhelming strength, but applied them to achieve really important goals. \n\nWe must approach this period with the feeling that the month has passed not in vain, that we did everything we could and now we can calmly move from activity to passivity. Then new knowledge about the world and oneself will come. ",
        "rate": 3
      },
      {
        "cat_ru": "Сны",
        "note_ru": "Сны обманны и даже противоположны действительности. То, что снится в эти лунные сутки, надо понимать с точностью до наоборот",
        "cat_en": "Dreams",
        "note_en": "Dreams are deceitful and even the opposite of reality. What dreams on these lunar days must be understood exactly the opposite.",
        "rate": 3
      },
      {
        "cat_ru": "Новые дела",
        "note_ru": "Очень хороший для окончаний дел, но начинать новые дела нельзя, ибо они будут бестолковы и бесполезны.",
        "cat_en": "New cases",
        "note_en": "Very good for finishing things, but you can't start new things, because they will be stupid and useless.",
        "rate": 3
      },
      {
        "cat_ru": "Принятие решений",
        "note_ru": "Прекрасный день для принятия решений. Они принесут славу, благополучие и популярность.",
        "cat_en": "Making decisions",
        "note_en": "A great day to make decisions. They will bring fame, prosperity and popularity.",
        "rate": 5
      },
      {
        "cat_ru": "Бизнес",
        "note_ru": "Худший день для бизнеса.",
        "cat_en": "Business",
        "note_en": "The worst day for business.",
        "rate": 1
      },
      {
        "cat_ru": "Деньги",
        "note_ru": "Сегодня можно проводить только мелкие финансовые операции.",
        "cat_en": "Money",
        "note_en": "Today only small financial transactions can be carried out.",
        "rate": 3
      },
      {
        "cat_ru": "Недвижимость",
        "note_ru": "В эти лунные сутки не стоит заниматься недвижимостью.",
        "cat_en": "Real estate",
        "note_en": "On these lunar days, you should not deal with real estate.",
        "rate": 2
      },
      {
        "cat_ru": "Торговля",
        "note_ru": "Нейтральный день для торговых дел.",
        "cat_en": "Trade",
        "note_en": "Neutral day for trade affairs.",
        "rate": 3
      },
      {
        "cat_ru": "Судебные дела",
        "note_ru": "Очень неподходящий день для судебных споров, особенно если пытаются осудить невиновного, перенесите их на другой лунный день.",
        "cat_en": "Court cases",
        "note_en": "A very inappropriate day for legal disputes, especially if they are trying to convict an innocent, transfer them to another lunar day.",
        "rate": 2
      },
      {
        "cat_ru": "Учёба",
        "note_ru": "Можно продолжать обучение, экзамены лучше отложить.",
        "cat_en": "Studies",
        "note_en": "You can continue your studies, it is better to postpone exams.",
        "rate": 2
      },
      {
        "cat_ru": "Общение с начальством",
        "note_ru": "Лучше держаться от начальства подальше.",
        "cat_en": "Communication with superiors",
        "note_en": "Better to stay away from bosses.",
        "rate": 2
      },
      {
        "cat_ru": "Смена работы",
        "note_ru": "Лучше перенести смену места работы на другой лунный день.",
        "cat_en": "Job change",
        "note_en": "Better to postpone the change of job to another lunar day.",
        "rate": 3
      },
      {
        "cat_ru": "Путешествия",
        "note_ru": "Можно совершать небольшие путешествия, дальние лучше отложить.",
        "cat_en": "Trips",
        "note_en": "You can make small trips, long ones are better to postpone.",
        "rate": 3
      },
      {
        "cat_ru": "Переезд",
        "note_ru": "Лучше отложить переезд на другой день.",
        "cat_en": "Moving",
        "note_en": "Better to postpone the move for another day.",
        "rate": 2
      },
      {
        "cat_ru": "Секс",
        "note_ru": "Близость в любом виде противопоказана — это сегодня и завтра сильно вас истощит. Мужчины сегодня могут очень легко стать на путь супружеской измены. Так что если вы в себе не уверены — проведите вечер дома.",
        "cat_en": "Sex",
        "note_en": "Proximity in any form is contraindicated - today and tomorrow it will greatly exhaust you. Men today can very easily take the path of adultery. So if you are not sure of yourself, spend the evening at home.",
        "rate": 1
      },
      {
        "cat_ru": "Рождённые в этот день",
        "note_ru": "Не будут отличаться внешней красотой, поэтому многое в их жизни будет зависеть от полученных знаний, человеческой доброты и от их отношения к окружающему миру. Для людей этого дня характерны цепкость, мертвая хватка — любое дело доводится ими до абсолюта. Во всем проявляется зрелость и законченность. Если у таких людей есть направленность на светлые дела — из них выходят небесные защитники и небесные палачи, вершители правосудия. Люди двадцать третьего дня часто становятся истинными монахами, но монашество, конечно, не обязательно для всех, кто родился в этот день.",
        "cat_en": "Born on this day",
        "note_en": "They will not differ in external beauty, therefore, much in their life will depend on the knowledge gained, human kindness and on their attitude to the world around them. People of this day are characterized by tenacity, a death grip - they bring any business to the absolute. Maturity and completeness are manifested in everything. If such people have a focus on light deeds, heavenly defenders and heavenly executioners, judges of justice, emerge from them. People on the twenty-third day often become true monks, but monasticism, of course, is not necessary for everyone who was born on that day.",
        "rate": 0
      },
      {
        "cat_ru": "Питание",
        "note_ru": "Период поста и воздержания — опасно предаваться обжорству. Исключите из употребления мясную пищу, желательна молочная — надо пить больше молока, есть творог и другие молочные продукты, печь ватрушки (в древней Персии бог Ватра — охранитель домашнего очага), в которые хорошо запечь орехи.",
        "cat_en": "Nutrition",
        "note_en": "A period of fasting and abstinence - it is dangerous to indulge in gluttony. Eliminate meat food from consumption, preferably dairy - you need to drink more milk, eat cottage cheese and other dairy products, bake cheesecakes (in ancient Persia, the god Vatra is the guardian of the hearth), in which it is good to bake nuts.",
        "rate": 0
      },
      {
        "cat_ru": "Здоровье",
        "note_ru": "Следует быть особенно внимательным к своему здоровью. Болезни этого дня бывают длительными. Ослабляется иммунитет и сопротивляемость болезням. Обостряется сексогенный фактор, половые проблемы всех видов имеют в этот день обострение. Нельзя подвергаться хирургическим операциям. Полезны оздоровительные и укрепляющие процедуры.",
        "cat_en": "Health",
        "note_en": "You should be especially careful about your health. Diseases of this day are long-lasting. Immunity and disease resistance are weakened. The sexogenic factor is aggravated, sexual problems of all kinds are aggravated on this day. You can not undergo surgery. Wellness and strengthening procedures are useful.",
        "rate": 0
      },
      {
        "cat_ru": "Стрижка волос",
        "note_ru": "Стрижка принесет некрасивый цвет лица, ухудшит ваше самочувствие.",
        "cat_en": "Haircut",
        "note_en": "A haircut will bring an ugly complexion and worsen your well-being.",
        "rate": 2
      },
      {
        "cat_ru": "Характеристика четвертой четверти",
        "note_ru": "Началась четвертая, последняя фаза лунного месяца. Впереди дни Гекаты — тяжелые, опасные дни. Уже сегодня вы можете почувствовать, как в вас зарождается страх. Предметы падают из рук, организм ослаблен. Возникает апатия и нежелание действовать. Это нормально, не вините себя. Вам просто не хватает энергии, ведь Луна постепенно убывает. Двадцать третий день предки связывали с разгулом кровопийц, вампиров. Нехватка энергии заставляет человека добывать ее из других людей. Сегодня на вас могут оказать моральное давление, не поддавайтесь на провокации и прогоняйте желание мстить.\n\n",
        "cat_en": "Fourth quarter characteristic",
        "note_en": "The fourth and last phase of the lunar month has begun. The days of Hecate are ahead - difficult, dangerous days. Already today you can feel fear arising in you. Objects fall from the hands, the body is weakened. Apathy and unwillingness to act arises. It's okay, don't blame yourself. You just do not have enough energy, because the moon is gradually decreasing. The ancestors associated the twenty-third day with the revelry of bloodsuckers, vampires. Lack of energy forces a person to extract it from other people. Today, moral pressure may be exerted on you, do not succumb to provocations and drive away the desire for revenge.",
        "rate": 0
      }
    ]
  }
]
