[{"date":"2021-01-01","time":"18:35:08","num":19},{"date":"2021-01-02","time":"19:56:58","num":20},{"date":"2021-01-03","time":"21:21:21","num":21},{"date":"2021-01-04","time":"22:46:26","num":22},{"date":"2021-01-05","time":"00:00:00","num":23},{"date":"2021-01-06","time":"00:12:03","num":23},{"date":"2021-01-07","time":"01:38:59","num":24},{"date":"2021-01-08","time":"03:08:09","num":25},{"date":"2021-01-09","time":"04:39:39","num":26},{"date":"2021-01-10","time":"06:11:19","num":27},{"date":"2021-01-11","time":"07:37:24","num":28},{"date":"2021-01-12","time":"08:49:35","num":29},{"date":"2021-01-13","time":"08:00:04","num":1},{"date":"2021-01-13","time":"09:42:36","num":2},{"date":"2021-01-14","time":"10:18:24","num":3},{"date":"2021-01-15","time":"10:42:30","num":4},{"date":"2021-01-16","time":"10:59:36","num":5},{"date":"2021-01-17","time":"11:12:43","num":6},{"date":"2021-01-18","time":"11:23:43","num":7},{"date":"2021-01-19","time":"11:33:49","num":8},{"date":"2021-01-20","time":"11:43:59","num":9},{"date":"2021-01-21","time":"11:55:10","num":10},{"date":"2021-01-22","time":"12:08:29","num":11},{"date":"2021-01-23","time":"12:25:26","num":12},{"date":"2021-01-24","time":"12:48:16","num":13},{"date":"2021-01-25","time":"13:20:05","num":14},{"date":"2021-01-26","time":"14:04:31","num":15},{"date":"2021-01-27","time":"15:03:49","num":16},{"date":"2021-01-28","time":"16:16:41","num":17},{"date":"2021-01-29","time":"17:38:36","num":18},{"date":"2021-01-30","time":"19:04:39","num":19},{"date":"2021-01-31","time":"20:31:47","num":20},{"date":"2021-02-01","time":"21:58:55","num":21},{"date":"2021-02-02","time":"23:26:20","num":22},{"date":"2021-02-03","time":"00:00:00","num":22},{"date":"2021-02-04","time":"00:54:47","num":23},{"date":"2021-02-05","time":"02:24:39","num":24},{"date":"2021-02-06","time":"03:54:45","num":25},{"date":"2021-02-07","time":"05:21:08","num":26},{"date":"2021-02-08","time":"06:36:53","num":27},{"date":"2021-02-09","time":"07:35:38","num":28},{"date":"2021-02-10","time":"08:16:43","num":29},{"date":"2021-02-11","time":"08:44:29","num":30},{"date":"2021-02-11","time":"22:05:34","num":1},{"date":"2021-02-12","time":"09:03:51","num":2},{"date":"2021-02-13","time":"09:18:17","num":3},{"date":"2021-02-14","time":"09:29:57","num":4},{"date":"2021-02-15","time":"09:40:17","num":5},{"date":"2021-02-16","time":"09:50:16","num":6},{"date":"2021-02-17","time":"10:00:51","num":7},{"date":"2021-02-18","time":"10:13:00","num":8},{"date":"2021-02-19","time":"10:28:01","num":9},{"date":"2021-02-20","time":"10:47:45","num":10},{"date":"2021-02-21","time":"11:14:52","num":11},{"date":"2021-02-22","time":"11:52:54","num":12},{"date":"2021-02-23","time":"12:45:05","num":13},{"date":"2021-02-24","time":"13:52:12","num":14},{"date":"2021-02-25","time":"15:11:15","num":15},{"date":"2021-02-26","time":"16:37:22","num":16},{"date":"2021-02-27","time":"18:06:28","num":17},{"date":"2021-02-28","time":"19:36:28","num":18},{"date":"2021-03-01","time":"21:06:51","num":19},{"date":"2021-03-02","time":"22:37:59","num":20},{"date":"2021-03-03","time":"00:00:00","num":20},{"date":"2021-03-04","time":"00:10:07","num":21},{"date":"2021-03-05","time":"01:42:19","num":22},{"date":"2021-03-06","time":"03:11:14","num":23},{"date":"2021-03-07","time":"04:30:39","num":24},{"date":"2021-03-08","time":"05:33:50","num":25},{"date":"2021-03-09","time":"06:18:49","num":26},{"date":"2021-03-10","time":"06:49:13","num":27},{"date":"2021-03-11","time":"07:10:07","num":28},{"date":"2021-03-12","time":"07:25:22","num":29},{"date":"2021-03-13","time":"07:37:24","num":30},{"date":"2021-03-13","time":"13:21:03","num":1},{"date":"2021-03-14","time":"07:47:43","num":2},{"date":"2021-03-15","time":"07:57:26","num":3},{"date":"2021-03-16","time":"08:07:24","num":4},{"date":"2021-03-17","time":"08:18:33","num":5},{"date":"2021-03-18","time":"08:31:57","num":6},{"date":"2021-03-19","time":"08:49:11","num":7},{"date":"2021-03-20","time":"09:12:27","num":8},{"date":"2021-03-21","time":"09:44:51","num":9},{"date":"2021-03-22","time":"10:29:50","num":10},{"date":"2021-03-23","time":"11:29:25","num":11},{"date":"2021-03-24","time":"12:42:24","num":12},{"date":"2021-03-25","time":"14:04:52","num":13},{"date":"2021-03-26","time":"15:32:37","num":14},{"date":"2021-03-27","time":"17:02:58","num":15},{"date":"2021-03-28","time":"18:34:52","num":16},{"date":"2021-03-29","time":"20:08:21","num":17},{"date":"2021-03-30","time":"21:43:43","num":18},{"date":"2021-03-31","time":"23:20:14","num":19},{"date":"2021-04-01","time":"00:00:00","num":19},{"date":"2021-04-02","time":"00:54:56","num":20},{"date":"2021-04-03","time":"02:21:29","num":21},{"date":"2021-04-04","time":"03:31:55","num":22},{"date":"2021-04-05","time":"04:22:26","num":23},{"date":"2021-04-06","time":"04:56:05","num":24},{"date":"2021-04-07","time":"05:18:38","num":25},{"date":"2021-04-08","time":"05:34:36","num":26},{"date":"2021-04-09","time":"05:46:50","num":27},{"date":"2021-04-10","time":"05:57:04","num":28},{"date":"2021-04-11","time":"06:06:26","num":29},{"date":"2021-04-12","time":"05:30:44","num":1},{"date":"2021-04-12","time":"06:15:49","num":2},{"date":"2021-04-13","time":"06:26:04","num":3},{"date":"2021-04-14","time":"06:38:12","num":4},{"date":"2021-04-15","time":"06:53:30","num":5},{"date":"2021-04-16","time":"07:13:53","num":6},{"date":"2021-04-17","time":"07:42:04","num":7},{"date":"2021-04-18","time":"08:21:19","num":8},{"date":"2021-04-19","time":"09:14:13","num":9},{"date":"2021-04-20","time":"10:20:42","num":10},{"date":"2021-04-21","time":"11:37:44","num":11},{"date":"2021-04-22","time":"13:01:20","num":12},{"date":"2021-04-23","time":"14:28:35","num":13},{"date":"2021-04-24","time":"15:58:15","num":14},{"date":"2021-04-25","time":"17:30:22","num":15},{"date":"2021-04-26","time":"19:05:31","num":16},{"date":"2021-04-27","time":"20:43:50","num":17},{"date":"2021-04-28","time":"22:23:26","num":18},{"date":"2021-04-29","time":"23:58:45","num":19},{"date":"2021-04-30","time":"00:00:00","num":19},{"date":"2021-05-01","time":"01:20:24","num":20},{"date":"2021-05-02","time":"02:20:49","num":21},{"date":"2021-05-03","time":"03:00:46","num":22},{"date":"2021-05-04","time":"03:26:36","num":23},{"date":"2021-05-05","time":"03:44:09","num":24},{"date":"2021-05-06","time":"03:57:04","num":25},{"date":"2021-05-07","time":"04:07:28","num":26},{"date":"2021-05-08","time":"04:16:42","num":27},{"date":"2021-05-09","time":"04:25:41","num":28},{"date":"2021-05-10","time":"04:35:17","num":29},{"date":"2021-05-11","time":"04:46:24","num":30},{"date":"2021-05-11","time":"21:59:41","num":1},{"date":"2021-05-12","time":"05:00:15","num":2},{"date":"2021-05-13","time":"05:18:30","num":3},{"date":"2021-05-14","time":"05:43:34","num":4},{"date":"2021-05-15","time":"06:18:36","num":5},{"date":"2021-05-16","time":"07:06:29","num":6},{"date":"2021-05-17","time":"08:07:55","num":7},{"date":"2021-05-18","time":"09:20:26","num":8},{"date":"2021-05-19","time":"10:40:01","num":9},{"date":"2021-05-20","time":"12:03:26","num":10},{"date":"2021-05-21","time":"13:29:07","num":11},{"date":"2021-05-22","time":"14:57:03","num":12},{"date":"2021-05-23","time":"16:28:05","num":13},{"date":"2021-05-24","time":"18:03:11","num":14},{"date":"2021-05-25","time":"19:42:10","num":15},{"date":"2021-05-26","time":"21:21:51","num":16},{"date":"2021-05-27","time":"22:54:03","num":17},{"date":"2021-05-28","time":"00:00:00","num":17},{"date":"2021-05-29","time":"00:07:48","num":18},{"date":"2021-05-30","time":"00:58:20","num":19},{"date":"2021-05-31","time":"01:30:26","num":20},{"date":"2021-06-01","time":"01:51:18","num":21},{"date":"2021-06-02","time":"02:05:54","num":22},{"date":"2021-06-03","time":"02:17:08","num":23},{"date":"2021-06-04","time":"02:26:40","num":24},{"date":"2021-06-05","time":"02:35:37","num":25},{"date":"2021-06-06","time":"02:44:51","num":26},{"date":"2021-06-07","time":"02:55:17","num":27},{"date":"2021-06-08","time":"03:08:00","num":28},{"date":"2021-06-09","time":"03:24:33","num":29},{"date":"2021-06-10","time":"03:47:07","num":30},{"date":"2021-06-10","time":"13:52:32","num":1},{"date":"2021-06-11","time":"04:18:43","num":2},{"date":"2021-06-12","time":"05:02:33","num":3},{"date":"2021-06-13","time":"06:00:07","num":4},{"date":"2021-06-14","time":"07:09:39","num":5},{"date":"2021-06-15","time":"08:26:59","num":6},{"date":"2021-06-16","time":"09:48:14","num":7},{"date":"2021-06-17","time":"11:11:16","num":8},{"date":"2021-06-18","time":"00:00:00","num":9},{"date":"2021-06-19","time":"14:02:08","num":10},{"date":"2021-06-20","time":"15:32:00","num":11},{"date":"2021-06-21","time":"17:06:07","num":12},{"date":"2021-06-22","time":"18:43:37","num":13},{"date":"2021-06-23","time":"20:19:36","num":14},{"date":"2021-06-24","time":"21:43:59","num":15},{"date":"2021-06-25","time":"22:47:00","num":16},{"date":"2021-06-26","time":"23:28:11","num":17},{"date":"2021-06-27","time":"23:54:20","num":18},{"date":"2021-06-28","time":"00:00:00","num":18},{"date":"2021-06-29","time":"00:11:52","num":19},{"date":"2021-06-30","time":"00:24:41","num":20},{"date":"2021-07-01","time":"00:35:01","num":21},{"date":"2021-07-02","time":"00:44:17","num":22},{"date":"2021-07-03","time":"00:53:27","num":23},{"date":"2021-07-04","time":"01:03:26","num":24},{"date":"2021-07-05","time":"01:15:16","num":25},{"date":"2021-07-06","time":"01:30:20","num":26},{"date":"2021-07-07","time":"01:50:36","num":27},{"date":"2021-07-08","time":"02:18:55","num":28},{"date":"2021-07-09","time":"02:58:39","num":29},{"date":"2021-07-10","time":"03:52:18","num":30},{"date":"2021-07-10","time":"04:16:30","num":1},{"date":"2021-07-11","time":"04:59:12","num":2},{"date":"2021-07-12","time":"06:15:27","num":3},{"date":"2021-07-13","time":"07:36:30","num":4},{"date":"2021-07-14","time":"08:59:19","num":5},{"date":"2021-07-15","time":"10:22:46","num":6},{"date":"2021-07-16","time":"11:47:11","num":7},{"date":"2021-07-17","time":"13:13:40","num":8},{"date":"2021-07-18","time":"14:43:24","num":9},{"date":"2021-07-19","time":"16:16:36","num":10},{"date":"2021-07-20","time":"17:50:53","num":11},{"date":"2021-07-21","time":"19:19:13","num":12},{"date":"2021-07-22","time":"20:31:21","num":13},{"date":"2021-07-23","time":"21:21:44","num":14},{"date":"2021-07-24","time":"21:54:08","num":15},{"date":"2021-07-25","time":"22:15:18","num":16},{"date":"2021-07-26","time":"22:30:10","num":17},{"date":"2021-07-27","time":"22:41:38","num":18},{"date":"2021-07-28","time":"22:51:26","num":19},{"date":"2021-07-29","time":"23:00:41","num":20},{"date":"2021-07-30","time":"23:10:21","num":21},{"date":"2021-07-31","time":"23:21:25","num":22},{"date":"2021-08-01","time":"23:35:06","num":23},{"date":"2021-08-02","time":"23:53:08","num":24},{"date":"2021-08-03","time":"00:00:00","num":24},{"date":"2021-08-04","time":"00:18:04","num":25},{"date":"2021-08-05","time":"00:53:14","num":26},{"date":"2021-08-06","time":"01:41:54","num":27},{"date":"2021-08-07","time":"02:44:54","num":28},{"date":"2021-08-08","time":"03:59:25","num":29},{"date":"2021-08-08","time":"16:50:01","num":1},{"date":"2021-08-09","time":"05:20:42","num":2},{"date":"2021-08-10","time":"06:44:46","num":3},{"date":"2021-08-11","time":"08:09:35","num":4},{"date":"2021-08-12","time":"09:34:50","num":5},{"date":"2021-08-13","time":"11:01:11","num":6},{"date":"2021-08-14","time":"12:29:42","num":7},{"date":"2021-08-15","time":"14:00:53","num":8},{"date":"2021-08-16","time":"15:33:26","num":9},{"date":"2021-08-17","time":"17:02:29","num":10},{"date":"2021-08-18","time":"18:19:16","num":11},{"date":"2021-08-19","time":"19:16:16","num":12},{"date":"2021-08-20","time":"19:54:02","num":13},{"date":"2021-08-21","time":"20:18:33","num":14},{"date":"2021-08-22","time":"20:35:20","num":15},{"date":"2021-08-23","time":"20:47:50","num":16},{"date":"2021-08-24","time":"20:58:05","num":17},{"date":"2021-08-25","time":"21:07:23","num":18},{"date":"2021-08-26","time":"21:16:44","num":19},{"date":"2021-08-27","time":"21:27:03","num":20},{"date":"2021-08-28","time":"21:39:25","num":21},{"date":"2021-08-29","time":"21:55:20","num":22},{"date":"2021-08-30","time":"22:16:58","num":23},{"date":"2021-08-31","time":"22:47:22","num":24},{"date":"2021-09-01","time":"23:30:04","num":25},{"date":"2021-09-02","time":"00:00:00","num":25},{"date":"2021-09-03","time":"00:27:17","num":26},{"date":"2021-09-04","time":"01:37:49","num":27},{"date":"2021-09-05","time":"02:57:34","num":28},{"date":"2021-09-06","time":"04:22:05","num":29},{"date":"2021-09-07","time":"03:51:39","num":1},{"date":"2021-09-07","time":"05:48:30","num":2},{"date":"2021-09-08","time":"07:15:45","num":3},{"date":"2021-09-09","time":"08:44:03","num":4},{"date":"2021-09-10","time":"10:14:11","num":5},{"date":"2021-09-11","time":"11:46:37","num":6},{"date":"2021-09-12","time":"13:20:28","num":7},{"date":"2021-09-13","time":"14:51:45","num":8},{"date":"2021-09-14","time":"16:12:38","num":9},{"date":"2021-09-15","time":"17:14:50","num":10},{"date":"2021-09-16","time":"17:56:53","num":11},{"date":"2021-09-17","time":"18:24:01","num":12},{"date":"2021-09-18","time":"18:42:13","num":13},{"date":"2021-09-19","time":"18:55:23","num":14},{"date":"2021-09-20","time":"19:05:51","num":15},{"date":"2021-09-21","time":"19:15:02","num":16},{"date":"2021-09-22","time":"19:23:57","num":17},{"date":"2021-09-23","time":"19:33:30","num":18},{"date":"2021-09-24","time":"19:44:39","num":19},{"date":"2021-09-25","time":"19:58:40","num":20},{"date":"2021-09-26","time":"20:17:23","num":21},{"date":"2021-09-27","time":"20:43:28","num":22},{"date":"2021-09-28","time":"21:20:18","num":23},{"date":"2021-09-29","time":"22:10:49","num":24},{"date":"2021-09-30","time":"23:15:21","num":25},{"date":"2021-10-01","time":"00:00:00","num":25},{"date":"2021-10-02","time":"00:30:56","num":26},{"date":"2021-10-03","time":"01:53:15","num":27},{"date":"2021-10-04","time":"03:19:00","num":28},{"date":"2021-10-05","time":"04:46:38","num":29},{"date":"2021-10-06","time":"06:15:58","num":30},{"date":"2021-10-06","time":"14:05:16","num":1},{"date":"2021-10-07","time":"07:47:41","num":2},{"date":"2021-10-08","time":"09:22:25","num":3},{"date":"2021-10-09","time":"10:59:40","num":4},{"date":"2021-10-10","time":"12:36:04","num":5},{"date":"2021-10-11","time":"14:03:58","num":6},{"date":"2021-10-12","time":"15:13:39","num":7},{"date":"2021-10-13","time":"16:01:13","num":8},{"date":"2021-10-14","time":"16:31:26","num":9},{"date":"2021-10-15","time":"16:51:05","num":10},{"date":"2021-10-16","time":"17:04:51","num":11},{"date":"2021-10-17","time":"17:15:26","num":12},{"date":"2021-10-18","time":"17:24:26","num":13},{"date":"2021-10-19","time":"17:32:55","num":14},{"date":"2021-10-20","time":"17:41:46","num":15},{"date":"2021-10-21","time":"17:51:51","num":16},{"date":"2021-10-22","time":"18:04:18","num":17},{"date":"2021-10-23","time":"18:20:41","num":18},{"date":"2021-10-24","time":"18:43:18","num":19},{"date":"2021-10-25","time":"19:15:14","num":20},{"date":"2021-10-26","time":"19:59:43","num":21},{"date":"2021-10-27","time":"20:58:05","num":22},{"date":"2021-10-28","time":"22:08:21","num":23},{"date":"2021-10-29","time":"23:26:33","num":24},{"date":"2021-10-30","time":"00:00:00","num":24},{"date":"2021-10-31","time":"00:49:07","num":25},{"date":"2021-11-01","time":"02:14:10","num":26},{"date":"2021-11-02","time":"03:41:22","num":27},{"date":"2021-11-03","time":"05:11:27","num":28},{"date":"2021-11-04","time":"06:45:29","num":29},{"date":"2021-11-05","time":"00:14:29","num":1},{"date":"2021-11-05","time":"08:23:55","num":2},{"date":"2021-11-06","time":"10:04:52","num":3},{"date":"2021-11-07","time":"11:41:47","num":4},{"date":"2021-11-08","time":"13:03:19","num":5},{"date":"2021-11-09","time":"14:00:55","num":6},{"date":"2021-11-10","time":"14:37:03","num":7},{"date":"2021-11-11","time":"14:59:36","num":8},{"date":"2021-11-12","time":"15:14:42","num":9},{"date":"2021-11-13","time":"15:25:48","num":10},{"date":"2021-11-14","time":"15:34:53","num":11},{"date":"2021-11-15","time":"15:43:10","num":12},{"date":"2021-11-16","time":"15:51:31","num":13},{"date":"2021-11-17","time":"16:00:50","num":14},{"date":"2021-11-18","time":"16:12:06","num":15},{"date":"2021-11-19","time":"16:26:43","num":16},{"date":"2021-11-20","time":"16:46:42","num":17},{"date":"2021-11-21","time":"17:14:54","num":18},{"date":"2021-11-22","time":"17:54:38","num":19},{"date":"2021-11-23","time":"18:47:57","num":20},{"date":"2021-11-24","time":"19:53:45","num":21},{"date":"2021-11-25","time":"21:08:14","num":22},{"date":"2021-11-26","time":"22:27:25","num":23},{"date":"2021-11-27","time":"23:48:56","num":24},{"date":"2021-11-28","time":"00:00:00","num":24},{"date":"2021-11-29","time":"01:12:09","num":25},{"date":"2021-11-30","time":"02:37:43","num":26},{"date":"2021-12-01","time":"04:07:01","num":27},{"date":"2021-12-02","time":"05:41:25","num":28},{"date":"2021-12-03","time":"07:21:03","num":29},{"date":"2021-12-04","time":"09:02:28","num":30},{"date":"2021-12-04","time":"10:42:54","num":1},{"date":"2021-12-05","time":"10:35:58","num":2},{"date":"2021-12-06","time":"11:48:27","num":3},{"date":"2021-12-07","time":"12:35:29","num":4},{"date":"2021-12-08","time":"13:04:01","num":5},{"date":"2021-12-09","time":"13:22:08","num":6},{"date":"2021-12-10","time":"13:34:46","num":7},{"date":"2021-12-11","time":"13:44:33","num":8},{"date":"2021-12-12","time":"13:53:04","num":9},{"date":"2021-12-13","time":"14:01:18","num":10},{"date":"2021-12-14","time":"14:10:11","num":11},{"date":"2021-12-15","time":"14:20:38","num":12},{"date":"2021-12-16","time":"14:33:55","num":13},{"date":"2021-12-17","time":"14:51:52","num":14},{"date":"2021-12-18","time":"15:17:05","num":15},{"date":"2021-12-19","time":"15:52:54","num":16},{"date":"2021-12-20","time":"16:42:03","num":17},{"date":"2021-12-21","time":"17:44:28","num":18},{"date":"2021-12-22","time":"18:56:41","num":19},{"date":"2021-12-23","time":"20:14:14","num":20},{"date":"2021-12-24","time":"21:33:55","num":21},{"date":"2021-12-25","time":"22:54:31","num":22},{"date":"2021-12-26","time":"00:00:00","num":22},{"date":"2021-12-27","time":"00:16:19","num":23},{"date":"2021-12-28","time":"01:40:31","num":24},{"date":"2021-12-29","time":"03:08:45","num":25},{"date":"2021-12-30","time":"04:42:17","num":26},{"date":"2021-12-31","time":"06:20:27","num":27},{"date":"2022-01-01","time":"07:57:56","num":28},{"date":"2022-01-02","time":"09:22:53","num":29},{"date":"2022-01-02","time":"21:33:22","num":1},{"date":"2022-01-03","time":"10:23:58","num":2},{"date":"2022-01-04","time":"11:01:57","num":3},{"date":"2022-01-05","time":"11:25:15","num":4},{"date":"2022-01-06","time":"11:40:37","num":5},{"date":"2022-01-07","time":"11:51:53","num":6},{"date":"2022-01-08","time":"12:01:07","num":7},{"date":"2022-01-09","time":"12:09:37","num":8},{"date":"2022-01-10","time":"12:18:21","num":9},{"date":"2022-01-11","time":"12:28:16","num":10},{"date":"2022-01-12","time":"12:40:30","num":11},{"date":"2022-01-13","time":"12:56:42","num":12},{"date":"2022-01-14","time":"13:19:12","num":13},{"date":"2022-01-15","time":"13:51:15","num":14},{"date":"2022-01-16","time":"14:36:08","num":15},{"date":"2022-01-17","time":"15:35:02","num":16},{"date":"2022-01-18","time":"02:48:18","num":16},{"date":"2022-01-18","time":"16:45:25","num":17},{"date":"2022-01-19","time":"18:02:37","num":18},{"date":"2022-01-20","time":"19:22:37","num":19},{"date":"2022-01-21","time":"20:43:17","num":20},{"date":"2022-01-22","time":"22:04:17","num":21},{"date":"2022-01-23","time":"23:26:24","num":22},{"date":"2022-01-24","time":"00:00:00","num":23},{"date":"2022-01-25","time":"00:51:03","num":23},{"date":"2022-01-26","time":"02:19:38","num":24},{"date":"2022-01-27","time":"03:52:36","num":25},{"date":"2022-01-28","time":"05:27:33","num":26},{"date":"2022-01-29","time":"06:56:40","num":27},{"date":"2022-01-30","time":"08:07:59","num":28},{"date":"2022-01-31","time":"08:55:46","num":29},{"date":"2022-02-01","time":"08:45:53","num":1},{"date":"2022-02-01","time":"09:25:15","num":2},{"date":"2022-02-02","time":"09:44:03","num":3},{"date":"2022-02-03","time":"09:57:11","num":4},{"date":"2022-02-04","time":"10:07:24","num":5},{"date":"2022-02-05","time":"10:16:18","num":6},{"date":"2022-02-06","time":"10:25:01","num":7},{"date":"2022-02-07","time":"10:34:29","num":8},{"date":"2022-02-08","time":"10:45:46","num":9},{"date":"2022-02-09","time":"11:00:18","num":10},{"date":"2022-02-10","time":"11:20:11","num":11},{"date":"2022-02-11","time":"11:48:21","num":12},{"date":"2022-02-12","time":"12:28:21","num":13},{"date":"2022-02-13","time":"13:22:31","num":14},{"date":"2022-02-14","time":"14:29:50","num":15},{"date":"2022-02-15","time":"15:46:05","num":16},{"date":"2022-02-16","time":"17:06:45","num":17},{"date":"2022-02-17","time":"18:28:51","num":18},{"date":"2022-02-18","time":"19:51:18","num":19},{"date":"2022-02-19","time":"21:14:22","num":20},{"date":"2022-02-20","time":"22:39:04","num":21},{"date":"2022-02-21","time":"22:39:04","num":21},{"date":"2022-02-22","time":"00:06:39","num":22},{"date":"2022-02-23","time":"01:37:43","num":23},{"date":"2022-02-24","time":"03:10:56","num":24},{"date":"2022-02-25","time":"04:40:49","num":25},{"date":"2022-02-26","time":"05:57:12","num":26},{"date":"2022-02-27","time":"06:51:49","num":27},{"date":"2022-02-28","time":"07:26:23","num":28},{"date":"2022-03-01","time":"07:48:07","num":29},{"date":"2022-03-02","time":"08:02:48","num":30},{"date":"2022-03-02","time":"20:34:39","num":1},{"date":"2022-03-03","time":"08:13:46","num":2},{"date":"2022-03-04","time":"08:22:55","num":3},{"date":"2022-03-05","time":"08:31:29","num":4},{"date":"2022-03-06","time":"08:40:25","num":5},{"date":"2022-03-07","time":"08:50:43","num":6},{"date":"2022-03-08","time":"09:03:38","num":7},{"date":"2022-03-09","time":"09:20:58","num":8},{"date":"2022-03-10","time":"09:45:19","num":9},{"date":"2022-03-11","time":"10:20:08","num":10},{"date":"2022-03-12","time":"11:08:32","num":11},{"date":"2022-03-13","time":"12:10:58","num":12},{"date":"2022-03-14","time":"13:24:20","num":13},{"date":"2022-03-15","time":"14:44:03","num":14},{"date":"2022-03-16","time":"16:06:34","num":15},{"date":"2022-03-17","time":"17:30:13","num":16},{"date":"2022-03-18","time":"18:54:46","num":17},{"date":"2022-03-19","time":"20:21:00","num":18},{"date":"2022-03-20","time":"21:49:58","num":19},{"date":"2022-03-21","time":"23:22:23","num":20},{"date":"2022-03-22","time":"00:00:00","num":20},{"date":"2022-03-23","time":"00:57:17","num":21},{"date":"2022-03-24","time":"02:30:09","num":22},{"date":"2022-03-25","time":"03:51:38","num":23},{"date":"2022-03-26","time":"04:52:04","num":24},{"date":"2022-03-27","time":"05:30:52","num":25},{"date":"2022-03-28","time":"05:54:55","num":26},{"date":"2022-03-29","time":"06:10:42","num":27},{"date":"2022-03-30","time":"06:22:04","num":28},{"date":"2022-03-31","time":"06:31:13","num":29},{"date":"2022-04-01","time":"06:39:27","num":30},{"date":"2022-04-01","time":"09:24:17","num":1},{"date":"2022-04-02","time":"06:47:46","num":2},{"date":"2022-04-03","time":"06:57:05","num":3},{"date":"2022-04-04","time":"07:08:29","num":4},{"date":"2022-04-05","time":"07:23:30","num":5},{"date":"2022-04-06","time":"07:44:24","num":6},{"date":"2022-04-07","time":"08:14:21","num":7},{"date":"2022-04-08","time":"08:56:48","num":8},{"date":"2022-04-08","time":"09:53:28","num":9},{"date":"2022-04-10","time":"11:02:23","num":10},{"date":"2022-04-11","time":"12:19:16","num":11},{"date":"2022-04-12","time":"13:40:11","num":12},{"date":"2022-04-13","time":"15:02:58","num":13},{"date":"2022-04-14","time":"16:27:07","num":14},{"date":"2022-04-15","time":"17:53:16","num":15},{"date":"2022-04-16","time":"19:22:35","num":16},{"date":"2022-04-17","time":"20:56:07","num":17},{"date":"2022-04-18","time":"22:33:39","num":18},{"date":"2022-04-19","time":"00:00:00","num":18},{"date":"2022-04-20","time":"00:11:40","num":19},{"date":"2022-04-21","time":"01:41:16","num":20},{"date":"2022-04-22","time":"02:50:34","num":21},{"date":"2022-04-23","time":"03:35:36","num":22},{"date":"2022-04-24","time":"04:02:52","num":23},{"date":"2022-04-25","time":"04:20:05","num":24},{"date":"2022-04-26","time":"04:32:01","num":25},{"date":"2022-04-27","time":"04:41:15","num":26},{"date":"2022-04-28","time":"04:49:15","num":27},{"date":"2022-04-29","time":"04:57:04","num":28},{"date":"2022-04-30","time":"05:05:34","num":29},{"date":"2022-04-30","time":"23:27:57","num":1},{"date":"2022-05-01","time":"05:15:44","num":2},{"date":"2022-05-02","time":"05:28:53","num":3},{"date":"2022-05-03","time":"05:46:58","num":4},{"date":"2022-05-04","time":"06:12:50","num":5},{"date":"2022-05-05","time":"06:49:58","num":6},{"date":"2022-05-06","time":"07:40:58","num":7},{"date":"2022-05-07","time":"08:45:08","num":8},{"date":"2022-05-08","time":"09:58:32","num":9},{"date":"2022-05-09","time":"11:16:50","num":10},{"date":"2022-05-10","time":"12:37:19","num":11},{"date":"2022-05-11","time":"13:59:06","num":12},{"date":"2022-05-12","time":"15:22:42","num":13},{"date":"2022-05-13","time":"16:49:24","num":14},{"date":"2022-05-14","time":"18:20:44","num":15},{"date":"2022-05-15","time":"19:57:37","num":16},{"date":"2022-05-16","time":"21:38:31","num":17},{"date":"2022-05-17","time":"23:16:33","num":18},{"date":"2022-05-18","time":"00:00:00","num":19},{"date":"2022-05-19","time":"00:38:33","num":19},{"date":"2022-05-20","time":"01:34:31","num":20},{"date":"2022-05-21","time":"02:08:02","num":21},{"date":"2022-05-22","time":"02:28:17","num":22},{"date":"2022-05-23","time":"02:41:38","num":23},{"date":"2022-05-24","time":"02:51:28","num":24},{"date":"2022-05-25","time":"02:59:37","num":25},{"date":"2022-05-26","time":"03:07:15","num":26},{"date":"2022-05-27","time":"03:15:16","num":27},{"date":"2022-05-28","time":"03:24:36","num":28},{"date":"2022-05-29","time":"03:36:25","num":29},{"date":"2022-05-30","time":"03:52:25","num":30},{"date":"2022-05-30","time":"14:30:09","num":1},{"date":"2022-05-31","time":"04:15:07","num":2},{"date":"2022-06-01","time":"04:47:54","num":3},{"date":"2022-06-02","time":"05:33:55","num":4},{"date":"2022-06-03","time":"06:33:42","num":5},{"date":"2022-06-04","time":"07:43:59","num":6},{"date":"2022-06-05","time":"09:00:05","num":7},{"date":"2022-06-06","time":"10:18:31","num":8},{"date":"2022-06-07","time":"11:37:51","num":9},{"date":"2022-06-08","time":"12:58:14","num":10},{"date":"2022-06-09","time":"14:20:50","num":11},{"date":"2022-06-10","time":"15:47:22","num":12},{"date":"2022-06-11","time":"17:19:32","num":13},{"date":"2022-06-12","time":"18:57:45","num":14},{"date":"2022-06-13","time":"20:38:41","num":15},{"date":"2022-06-14","time":"22:11:53","num":16},{"date":"2022-06-15","time":"23:22:39","num":17},{"date":"2022-06-16","time":"00:00:00","num":17},{"date":"2022-06-17","time":"00:06:48","num":18},{"date":"2022-06-18","time":"00:32:41","num":19},{"date":"2022-06-19","time":"00:48:51","num":20},{"date":"2022-06-20","time":"01:00:06","num":21},{"date":"2022-06-21","time":"01:08:57","num":22},{"date":"2022-06-22","time":"01:16:49","num":23},{"date":"2022-06-23","time":"01:24:43","num":24},{"date":"2022-06-24","time":"01:33:35","num":25},{"date":"2022-06-25","time":"01:44:30","num":26},{"date":"2022-06-26","time":"01:58:59","num":27},{"date":"2022-06-27","time":"02:19:15","num":28},{"date":"2022-06-28","time":"02:48:30","num":29},{"date":"2022-06-29","time":"03:30:11","num":30},{"date":"2022-06-29","time":"05:52:08","num":1},{"date":"2022-06-30","time":"04:25:57","num":2},{"date":"2022-07-01","time":"05:33:33","num":3},{"date":"2022-07-02","time":"06:48:15","num":4},{"date":"2022-07-03","time":"08:05:50","num":5},{"date":"2022-07-04","time":"09:24:05","num":6},{"date":"2022-07-05","time":"10:42:35","num":7},{"date":"2022-07-06","time":"12:02:09","num":8},{"date":"2022-07-06","time":"13:24:20","num":9},{"date":"2022-07-08","time":"14:50:56","num":10},{"date":"2022-07-09","time":"16:23:21","num":11},{"date":"2022-07-10","time":"18:00:54","num":12},{"date":"2022-07-11","time":"19:37:45","num":13},{"date":"2022-07-12","time":"21:00:44","num":14},{"date":"2022-07-13","time":"21:58:05","num":15},{"date":"2022-07-14","time":"22:32:19","num":16},{"date":"2022-07-15","time":"22:52:52","num":17},{"date":"2022-07-16","time":"23:06:23","num":18},{"date":"2022-07-17","time":"23:16:25","num":19},{"date":"2022-07-18","time":"23:24:51","num":20},{"date":"2022-07-19","time":"23:32:53","num":21},{"date":"2022-07-19","time":"23:41:30","num":22},{"date":"2022-07-21","time":"23:51:45","num":23},{"date":"2022-07-22","time":"00:00:00","num":23},{"date":"2022-07-23","time":"00:05:00","num":24},{"date":"2022-07-24","time":"00:23:14","num":25},{"date":"2022-07-25","time":"00:49:23","num":26},{"date":"2022-07-26","time":"01:27:00","num":27},{"date":"2022-07-27","time":"02:18:42","num":28},{"date":"2022-07-28","time":"03:23:29","num":29},{"date":"2022-07-28","time":"20:54:53","num":1},{"date":"2022-07-29","time":"04:37:04","num":2},{"date":"2022-07-30","time":"05:54:41","num":3},{"date":"2022-07-31","time":"07:13:17","num":4},{"date":"2022-08-01","time":"08:31:48","num":5},{"date":"2022-08-02","time":"09:50:34","num":6},{"date":"2022-08-03","time":"11:10:46","num":7},{"date":"2022-08-04","time":"12:34:01","num":8},{"date":"2022-08-05","time":"14:01:50","num":9},{"date":"2022-08-06","time":"15:34:39","num":10},{"date":"2022-08-07","time":"17:09:38","num":11},{"date":"2022-08-08","time":"18:37:44","num":12},{"date":"2022-08-09","time":"19:45:44","num":13},{"date":"2022-08-10","time":"20:29:02","num":14},{"date":"2022-08-11","time":"20:54:51","num":15},{"date":"2022-08-12","time":"21:11:08","num":16},{"date":"2022-08-13","time":"21:22:34","num":17},{"date":"2022-08-14","time":"21:31:40","num":18},{"date":"2022-08-15","time":"21:39:53","num":19},{"date":"2022-08-16","time":"21:48:18","num":20},{"date":"2022-08-17","time":"21:57:54","num":21},{"date":"2022-08-18","time":"22:09:58","num":22},{"date":"2022-08-18","time":"22:26:14","num":23},{"date":"2022-08-20","time":"22:49:21","num":24},{"date":"2022-08-21","time":"23:22:50","num":25},{"date":"2022-08-22","time":"00:00:00","num":25},{"date":"2022-08-23","time":"00:09:56","num":26},{"date":"2022-08-24","time":"01:11:07","num":27},{"date":"2022-08-25","time":"02:22:55","num":28},{"date":"2022-08-26","time":"03:40:24","num":29},{"date":"2022-08-27","time":"04:59:49","num":30},{"date":"2022-08-27","time":"11:16:59","num":1},{"date":"2022-08-28","time":"06:19:26","num":2},{"date":"2022-08-29","time":"07:39:05","num":3},{"date":"2022-08-30","time":"08:59:36","num":4},{"date":"2022-08-31","time":"10:22:18","num":5},{"date":"2022-09-01","time":"11:48:36","num":6},{"date":"2022-09-02","time":"13:19:08","num":7},{"date":"2022-09-03","time":"14:52:22","num":8},{"date":"2022-09-04","time":"16:21:57","num":9},{"date":"2022-09-05","time":"17:36:13","num":10},{"date":"2022-09-06","time":"18:26:49","num":11},{"date":"2022-09-07","time":"18:57:28","num":12},{"date":"2022-09-08","time":"19:16:20","num":13},{"date":"2022-09-09","time":"19:29:02","num":14},{"date":"2022-09-10","time":"19:38:40","num":15},{"date":"2022-09-11","time":"19:46:56","num":16},{"date":"2022-09-12","time":"19:55:01","num":17},{"date":"2022-09-13","time":"20:03:54","num":18},{"date":"2022-09-14","time":"20:14:42","num":19},{"date":"2022-09-15","time":"20:28:59","num":20},{"date":"2022-09-16","time":"20:49:02","num":21},{"date":"2022-09-17","time":"21:18:10","num":22},{"date":"2022-09-18","time":"22:00:03","num":23},{"date":"2022-09-19","time":"22:56:28","num":24},{"date":"2022-09-20","time":"00:00:00","num":24},{"date":"2022-09-21","time":"00:05:12","num":25},{"date":"2022-09-22","time":"01:21:24","num":26},{"date":"2022-09-23","time":"02:40:51","num":27},{"date":"2022-09-24","time":"04:01:10","num":28},{"date":"2022-09-25","time":"05:21:48","num":29},{"date":"2022-09-26","time":"00:54:25","num":1},{"date":"2022-09-26","time":"06:43:18","num":2},{"date":"2022-09-27","time":"08:06:49","num":3},{"date":"2022-09-28","time":"09:33:41","num":4},{"date":"2022-09-29","time":"11:04:41","num":5},{"date":"2022-09-30","time":"12:38:47","num":6},{"date":"2022-10-01","time":"14:10:57","num":7},{"date":"2022-10-02","time":"15:30:35","num":8},{"date":"2022-10-03","time":"16:27:25","num":9},{"date":"2022-10-04","time":"17:02:21","num":10},{"date":"2022-10-05","time":"17:23:26","num":11},{"date":"2022-10-06","time":"17:37:09","num":12},{"date":"2022-10-07","time":"17:47:07","num":13},{"date":"2022-10-08","time":"17:55:19","num":14},{"date":"2022-10-09","time":"18:02:59","num":15},{"date":"2022-10-10","time":"18:11:05","num":16},{"date":"2022-10-11","time":"18:20:40","num":17},{"date":"2022-10-12","time":"18:33:03","num":18},{"date":"2022-10-13","time":"18:50:11","num":19},{"date":"2022-10-14","time":"19:15:03","num":20},{"date":"2022-10-15","time":"19:51:24","num":21},{"date":"2022-10-16","time":"20:42:10","num":22},{"date":"2022-10-17","time":"21:46:35","num":23},{"date":"2022-10-18","time":"23:00:15","num":24},{"date":"2022-10-19","time":"00:00:00","num":24},{"date":"2022-10-20","time":"00:18:23","num":25},{"date":"2022-10-21","time":"01:38:04","num":26},{"date":"2022-10-22","time":"02:58:19","num":27},{"date":"2022-10-23","time":"04:19:30","num":28},{"date":"2022-10-24","time":"05:42:47","num":29},{"date":"2022-10-25","time":"07:09:38","num":30},{"date":"2022-10-25","time":"13:48:33","num":1},{"date":"2022-10-26","time":"08:41:15","num":2},{"date":"2022-10-27","time":"10:17:21","num":3},{"date":"2022-10-28","time":"11:54:03","num":4},{"date":"2022-10-29","time":"13:21:23","num":5},{"date":"2022-10-30","time":"14:26:46","num":6},{"date":"2022-10-31","time":"15:07:28","num":7},{"date":"2022-11-01","time":"15:31:26","num":8},{"date":"2022-11-02","time":"15:46:26","num":9},{"date":"2022-11-03","time":"15:56:53","num":10},{"date":"2022-11-04","time":"16:05:07","num":11},{"date":"2022-11-05","time":"16:12:29","num":12},{"date":"2022-11-06","time":"16:19:59","num":13},{"date":"2022-11-07","time":"16:28:34","num":14},{"date":"2022-11-08","time":"16:39:23","num":15},{"date":"2022-11-09","time":"16:54:05","num":16},{"date":"2022-11-10","time":"17:15:15","num":17},{"date":"2022-11-11","time":"17:46:28","num":18},{"date":"2022-11-12","time":"18:31:21","num":19},{"date":"2022-11-13","time":"19:30:46","num":20},{"date":"2022-11-14","time":"20:41:12","num":21},{"date":"2022-11-15","time":"21:57:24","num":22},{"date":"2022-11-16","time":"23:15:37","num":23},{"date":"2022-11-17","time":"00:00:00","num":23},{"date":"2022-11-18","time":"00:34:16","num":24},{"date":"2022-11-19","time":"01:53:28","num":25},{"date":"2022-11-20","time":"03:14:20","num":26},{"date":"2022-11-21","time":"04:38:32","num":27},{"date":"2022-11-22","time":"06:07:49","num":28},{"date":"2022-11-23","time":"07:43:05","num":29},{"date":"2022-11-24","time":"01:57:04","num":1},{"date":"2022-11-24","time":"09:22:34","num":2},{"date":"2022-11-25","time":"10:58:31","num":3},{"date":"2022-11-26","time":"12:16:35","num":4},{"date":"2022-11-27","time":"13:07:34","num":5},{"date":"2022-11-28","time":"13:37:05","num":6},{"date":"2022-11-29","time":"13:54:42","num":7},{"date":"2022-11-30","time":"14:06:21","num":8},{"date":"2022-12-01","time":"14:15:04","num":9},{"date":"2022-12-02","time":"14:22:30","num":10},{"date":"2022-12-03","time":"14:29:44","num":11},{"date":"2022-12-04","time":"14:37:42","num":12},{"date":"2022-12-05","time":"14:47:27","num":13},{"date":"2022-12-06","time":"15:00:24","num":14},{"date":"2022-12-07","time":"15:18:44","num":15},{"date":"2022-12-08","time":"15:45:44","num":16},{"date":"2022-12-09","time":"16:25:15","num":17},{"date":"2022-12-10","time":"17:19:33","num":18},{"date":"2022-12-11","time":"18:26:33","num":19},{"date":"2022-12-12","time":"19:40:58","num":20},{"date":"2022-12-13","time":"20:58:05","num":21},{"date":"2022-12-14","time":"22:15:27","num":22},{"date":"2022-12-15","time":"23:32:38","num":23},{"date":"2022-12-17","time":"00:50:28","num":24},{"date":"2022-12-18","time":"02:10:33","num":25},{"date":"2022-12-19","time":"03:34:49","num":26},{"date":"2022-12-20","time":"05:05:02","num":27},{"date":"2022-12-21","time":"06:41:38","num":28},{"date":"2022-12-22","time":"08:20:50","num":29},{"date":"2022-12-23","time":"09:51:05","num":30},{"date":"2022-12-23","time":"13:16:43","num":1},{"date":"2022-12-24","time":"10:57:09","num":2},{"date":"2022-12-25","time":"11:36:41","num":3},{"date":"2022-12-26","time":"11:59:24","num":4},{"date":"2022-12-27","time":"12:13:34","num":5},{"date":"2022-12-28","time":"12:23:31","num":6},{"date":"2022-12-29","time":"12:31:32","num":7},{"date":"2022-12-30","time":"12:38:54","num":8},{"date":"2022-12-31","time":"12:46:38","num":9}]
