[
  {
    "filetype": "localjson",
    "num": "1",
    "data": [
      {
        "title_ru": "Очень хороший, чистый и светлый день",
        "cat_ru": "Общие сведения",
        "note_ru": "День творческих замыслов. Новый лунный цикл только начинается, а поэтому в этот день очень хорошо составлять различные планы на месяц вперед и мечтать. Постарайтесь не упустить этот момент, от него может зависеть успех всего лунного месяца. Этот день нужно посвятить всему, что возвышает дух. Полезно вспомнить детство, обдумать свой жизненный путь, взять в руки книги по истории своего народа. Хорошо прощать обиды и друзьям и недругам. Это получится легче, чем в другие дни, и к тому же ускорит осуществление ваших планов. А планы и мечты этого дня непременно сбываются, как по мановению волшебной палочки, правда, только в том случае, если помыслы ваши чистые и не связаны с желанием зла другому, с местью. Нехорошие планы в первые лунные сутки строить опасно, они могут привести к несчастью. Это тот случай, когда не надо рыть яму друому, чтобы самому в нее не попасть. День обладает магическими свойствами. Он предназначен для работы с ментальными энергиями, а также с мыслеобразами. В размышлениях следует быть очень осторожными - можно создать мыслеобразы, которые могут воплотиться в жизнь и принести несчастье. \n1-й лунный день неблагоприятен для работы в коллективе, следует избегать скопления людей и ненужных контактов.",
        "title_en": "Very nice, clean and bright day",
        "cat_en": "General information",
        "note_en": "Very nice, clean and bright day. Day of creative ideas. The new lunar cycle is just beginning, and therefore on this day it is very good to make various plans for the month ahead and dream. Try not to miss this moment, the success of the entire lunar month may depend on it. This day should be dedicated to everything that uplifts the spirit. It is useful to remember childhood, think over your life path, pick up books on the history of your people. It is good to forgive insults to both friends and foes. This will be easier than on other days, and will also speed up the implementation of your plans. And the plans and dreams of this day will certainly come true, as if by magic, however, only if your thoughts are pure and not connected with the desire for evil to another, with revenge. It is dangerous to build bad plans on the first lunar day, they can lead to misfortune. This is the case when you do not need to dig a hole for another, so as not to fall into it yourself. The day has magical properties. It is designed to work with mental energies, as well as with mental images. In thinking, one should be very careful - you can create mental images that can come true and bring unhappiness.\nThe 1st lunar day is unfavorable for working in a team, crowds of people and unnecessary contacts should be avoided.",
        "rate": 5
      },
      {
        "cat_ru": "Сны",
        "note_ru": "Если снится что-то хорошее - это к радости, если плохое - не обращайте внимания, это легко уйдёт само, если не будете слишком концентрироваться на своём сне, а легко отпустите его от себя.",
        "cat_en": "Dreams",
        "note_en": "If you dream of something good, this is a joy, if it is bad, do not pay attention, it will easily go away by itself, if you do not concentrate too much on your dream, but easily let go of it.",
        "rate": 0
      },
      {
        "cat_ru": "Новые дела",
        "note_ru": "Не рекомендуется начинать новые дела, их следует только планировать. Однако неплохо начать предприятие, которое вы хотите сохранять в тайне. Текущие дела лучше отложить.",
        "cat_en": "New cases",
        "note_en": "It is not recommended to start new businesses, they should only be planned. However, it's a good idea to start a venture that you want to keep under wraps. It is better to postpone current affairs.",
        "rate": 3
      },
      {
        "cat_ru": "Принятие решений",
        "note_ru": "Все чистые и светлые мечты и планы, если вы в деталях их продумаете и как можно ярче представите, а особенно если они соответствуют вашим истинным желаниям и потребностям и действительно для вас важны - сбудутся в течении месяца с минимальным вашим вмешательством!",
        "cat_en": "Making decisions",
        "note_en": "All pure and bright dreams and plans, if you think through them in detail and present them as vividly as possible, and especially if they correspond to your true desires and needs and are really important for you - they will come true within a month with your minimum intervention!",
        "rate": 3
      },
      {
        "cat_ru": "Бизнес",
        "note_ru": "Можно заниматься делами, но решение важных вопросов лучше перенести. Неправильная оценка своих сил и поступков могут привести к ощутимым потерям, если человек в этот день будет заниматься активной деятельностью.",
        "cat_en": "Business",
        "note_en": "You can do business, but it is better to postpone the decision of important issues. An incorrect assessment of one's strengths and actions can lead to tangible losses if a person is engaged in vigorous activity that day.",
        "rate": 2
      },
      {
        "cat_ru": "Деньги",
        "note_ru": "Финансовыми вопросами лучше не заниматься.",
        "cat_en": "Money",
        "note_en": "It is better not to deal with financial issues.",
        "rate": 2
      },
      {
        "cat_ru": "Недвижимость",
        "note_ru": "Заниматься недвижимостью сейчас не стоит.",
        "cat_en": "Real estate",
        "note_en": "Doing real estate is not worth it now.",
        "rate": 3
      },
      {
        "cat_ru": "Торговля",
        "note_ru": "Плохое время для торговли.",
        "cat_en": "Trade",
        "note_en": "Bad time to trade.",
        "rate": 2
      },
      {
        "cat_ru": "Судебные дела",
        "note_ru": "Сейчас не уместны.",
        "cat_en": "Court cases",
        "note_en": "Not appropriate now.",
        "rate": 2
      },
      {
        "cat_ru": "Учёба",
        "note_ru": "Можно продолжать обучение, экзамены лучше отложить",
        "cat_en": "Studies",
        "note_en": "You can continue your studies, it is better to postpone exams",
        "rate": 0
      },
      {
        "cat_ru": "Общение с начальством",
        "note_ru": "Не сулит ничего хорошего.",
        "cat_en": "Communication with superiors",
        "note_en": "Doesn't bode well.",
        "rate": 2
      },
      {
        "cat_ru": "Смена работы",
        "note_ru": "Плохое время для смены рода деятельности.",
        "cat_en": "Job change",
        "note_en": "Poor time to change occupation.",
        "rate": 1
      },
      {
        "cat_ru": "Путешествия",
        "note_ru": "Не лучшее время для путешествий.",
        "cat_en": "Trips",
        "note_en": "Not the best time to travel.",
        "rate": 2
      },
      {
        "cat_ru": "Переезд",
        "note_ru": "Переезд лучше отложить.",
        "cat_en": "Moving",
        "note_en": "It is better to postpone the move.",
        "rate": 2
      },
      {
        "cat_ru": "Секс",
        "note_ru": "Лучше знать меру в сексе.",
        "cat_en": "Sex",
        "note_en": "Better to know when to stop in sex.",
        "rate": 0
      },
      {
        "cat_ru": "Рождённые в этот день",
        "note_ru": "Как правило, доживают до глубокой старости, особенно если в их индивидуальном гороскопе отсутствует какое-либо плохое влияние зловредной планеты: Марса, Сатурна, Урана, Плутона, иногда Нептуна. Эти люди всю жизнь немного инфантильны: по-детски всегда чего-то ждут, мечтают. Действовать начинают очень энергично и ярко. Способны совершить подвиг.",
        "cat_en": "Born on this day",
        "note_en": "As a rule, they live to a ripe old age, especially if in their individual horoscope there is no bad influence of a harmful planet: Mars, Saturn, Uranus, Pluto, sometimes Neptune. These people are a little childish all their lives: like a child they are always waiting for something, dreaming. They begin to act very energetically and brightly. Able to accomplish a feat.",
        "rate": 0
      },
      {
        "cat_ru": "Питание",
        "note_ru": "Лучше воздержаться от переедания. Не следует есть острое и горячее, поскольку может произойти сброс энергии на внутренние органы. Это в свою очередь может привести к образованию камней.",
        "cat_en": "Nutrition",
        "note_en": "Better to refrain from overeating. You should not eat spicy and hot, as energy can be dumped on the internal organs. This in turn can lead to the formation of stones.",
        "rate": 0
      },
      {
        "cat_ru": "Здоровье",
        "note_ru": "Заболевший в этот день может проболеть долго, но обязательно поправится. Часто происходит обострение болезней, связанных с камнеобразованием, закупоркой проходов и т.п. Физиологически тяжёлый день, уплотняет внутренние органы. У болезней в первую очередь нужно устранять духовные причины.",
        "cat_en": "Health",
        "note_en": "A sick person on this day can get sick for a long time, but he will definitely recover. Often there is an exacerbation of diseases associated with stone formation, blockage of the passages, etc. Physiologically difficult day, it thickens the internal organs. In diseases, first of all, it is necessary to eliminate the spiritual causes.",
        "rate": 0
      },
      {
        "cat_ru": "Стрижка волос",
        "note_ru": "Плохой день для стрижки. Стрижка ведёт к сокращению жизни.",
        "cat_en": "Haircut",
        "note_en": "Bad day for a haircut. A haircut leads to a reduction in life.",
        "rate": 1
      },
      {
        "cat_ru": "Характеристика первой четверти",
        "note_ru": "Это активное, честолюбивое и напряжённое время. Оно отличается стремительным движением вперёд и стимулом к прогрессу. Возникает атмосфера энергии и энтузиазма. Но при этом возникают проблемы и острые ситуации, разногласия и конфликты. Часто происходят конфликты между мужчинами и женщинами, взрослыми и детьми. Появляется искушение сорить деньгами. Повышается опасность травматизма и аварийность на дорогах из-за неосторожности. Увеличивается подверженность простудным заболеваниям, обостряются хронические заболевания. В это время часто появляется тенденция к чрезмерноме оптимизму, поэтому помните, что впоследствии вам придётся расплачиваться за все ошибки, совершённые в это время. Это подходящее время для напряжённой работы без расслабления. Не следует уклоняться от трудных разговоров и неприятных встреч, полезно разрешать конфликты и преодолевать разногласия. Это не время для созерцания, а время действий. Но презентации и рекламные показы стоит отложить. На растущей Луне принято начинать новые дела. Всё, что должно быть введено, строит и укрепляет, имеет двойное воздействие. Чем больше растёт Луна, тем неблагоприятнее могут протекать операции и заживление повреждений. И ещё: например, бельё при том же количестве моющих средств не будет после стирки таким чистым, как при убывающей Луне. Замечено, что при растущей Луне и в полнолуние рождается больше детей.",
        "cat_en": "First quarter characteristics",
        "note_en": "This is an active, ambitious and stressful time. It is distinguished by its rapid movement forward and an incentive to progress. An atmosphere of energy and enthusiasm arises. But at the same time, problems and acute situations, disagreements and conflicts arise. Conflicts often occur between men and women, adults and children. There is a temptation to waste money. The risk of injury and road accidents increases due to negligence. The susceptibility to colds increases, chronic diseases are exacerbated. During this time, there is often a tendency to be overly optimistic, so remember that later you will have to pay for all the mistakes made during this time. This is the right time for strenuous work without relaxation. You should not shy away from difficult conversations and unpleasant encounters, it is useful to resolve conflicts and overcome differences. This is not a time for contemplation, but a time for action. But presentations and ad impressions should be postponed. On the growing moon, it is customary to start new business. Anything that needs to be introduced, builds and strengthens, has a double effect. The more the moon grows, the more unfavorable operations and healing of injuries can proceed. And one more thing: for example, laundry with the same amount of detergents will not be as clean after washing as during the waning moon. It is noticed that with the growing moon and at full moon more children are born.",
        "rate": 0
      }
    ]
  }
]
