[
  {
    "filetype": "local",
    "num": "10",
    "data": [
      {
	    "title_ru": "Хорош и удачен для начала любого дела",
        "cat_ru": "Общие сведения",
        "note_ru": "День связан с выходом человека на собственную традицию, его самоуглублением, включение кармической памяти. В этот день происходит выход на тайные источники знаний. \n\nИногда человек начинает что-то делать бессознательно. Иногда можно вспомнить даже то, что и знать-то мы не могли. День духовной самостоятельности, но не одиночества. Изучение семейных традиций и корней принесут ощутимый результат. Рекомендуется искать предназначение путем работы с историей рода. Часты откровения, наития. \n\n10-й лунный день - день пожертвований, день преображения внутренней природы. Неприятные события, случившиеся в этот день будут кратковременными и не получат развития. День хорош и удачен для начала любого дела, но несчастливый. Опасна любая перегрузка, день отдыха.",
	    "title_en": "Good and successful for starting any business.",
        "cat_en": "General information",
        "note_en": "The day is associated with a person entering his own tradition, his self-deepening, the inclusion of karmic memory. On this day, there is an exit to the secret sources of knowledge. \n\nSometimes a person begins to do something unconsciously. Sometimes we can even remember things that we could not even know. A day of spiritual independence, but not loneliness. Studying family traditions and roots will bring tangible results. It is recommended to look for purpose by working with the history of the genus. Revelations and inspirations are frequent. \n\nThe 10th lunar day is the day of donations, the day of the transformation of the inner nature. Unpleasant events that happened on this day will be short-lived and will not develop. The day is good and successful for starting any business, but not a happy one. Any overload is dangerous, a day of rest.",
        "rate": 5
      },
      {
        "cat_ru": "Сны",
        "note_ru": "Яркие и приятные сны снятся в эти лунные сутки. Но увы, они не сбудутся. Смысла в них нет.",
        "cat_en": "Dreams",
        "note_en": "Bright and pleasant dreams are dreamed on these lunar days. But alas, they won't come true. There is no sense in them.",
        "rate": 0
      },
      {
        "cat_ru": "Новые дела",
        "note_ru": "Хорош и удачен для начала любого дела.",
        "cat_en": "New cases",
        "note_en": "Good and successful for starting any business.",
        "rate": 5
      },
      {
        "cat_ru": "Принятие решений",
        "note_ru": "День созиданий.",
        "cat_en": "Making decisions",
        "note_en": "Day of creation.",
        "rate": 4
      },
      {
        "cat_ru": "Бизнес",
        "note_ru": "Один из лучших и удачных дней.",
        "cat_en": "Business",
        "note_en": "One of the best and most successful days.",
        "rate": 5
      },
      {
        "cat_ru": "Деньги",
        "note_ru": "Хорош для решения финансовых вопросов.",
        "cat_en": "Money",
        "note_en": "Good for solving financial issues.",
        "rate": 4
      },
      {
        "cat_ru": "Недвижимость",
        "note_ru": "Можно производить любые операции с недвижимостью.",
        "cat_en": "Real estate",
        "note_en": "You can carry out any real estate transactions.",
        "rate": 5
      },
      {
        "cat_ru": "Торговля",
        "note_ru": "Можно с успехом торговать, покупать.",
        "cat_en": "Trade",
        "note_en": "You can successfully trade, buy.",
        "rate": 4
      },
      {
        "cat_ru": "Судебные дела",
        "note_ru": "Очень неподходящий день для споров. Благоприятный день для примирения.",
        "cat_en": "Court cases",
        "note_en": "A very inappropriate day to argue. Auspicious day for reconciliation.",
        "rate": 1
      },
      {
        "cat_ru": "Учёба",
        "note_ru": "Очень хорошо обучаться и сдавать экзамены.",
        "cat_en": "Studies",
        "note_en": "Very good to study and pass exams.",
        "rate": 5
      },
      {
        "cat_ru": "Общение с начальством",
        "note_ru": "Удачен для общения с начальством.",
        "cat_en": "Communication with superiors",
        "note_en": "Successful for communication with superiors.",
        "rate": 5
      },
      {
        "cat_ru": "Смена работы",
        "note_ru": "Удачен для общения с начальством.",
        "cat_en": "Job change",
        "note_en": "Successful for communication with superiors.",
        "rate": 5
      },
      {
        "cat_ru": "Путешествия",
        "note_ru": "Луна не благоприятствует путешественникам.",
        "cat_en": "Trips",
        "note_en": "The moon is not favorable to travelers.",
        "rate": 2
      },
      {
        "cat_ru": "Переезд",
        "note_ru": "Неблагоприятный день для переезда.",
        "cat_en": "Moving",
        "note_en": "Unfavorable day for moving.",
        "rate": 2
      },
      {
        "cat_ru": "Секс",
        "note_ru": "День хорошо подходит для интимной близости.",
        "cat_en": "Sex",
        "note_en": "The day is good for intimacy.",
        "rate": 4
      },
      {
        "cat_ru": "Рождённые в этот день",
        "note_ru": "Обретают для себя все новые источники энергии, многие обращаются к ним за помощью как к источнику сил. Часто имеют тесную связь с предками. Получают от них силу и возвращают их долги. Очень полюбят поездки и туристические походы, командировки и путешествия. Те из них, кто идет по низшему пути - корыстны, поверхностны, часто страдают раковыми опухолями, мужчины - заболеваниями предстательной железы.",
        "cat_en": "Born on this day",
        "note_en": "They find new sources of energy for themselves, many turn to them for help as a source of strength. They often have a close relationship with their ancestors. Get strength from them and pay back their debts. They will be very fond of trips and hiking trips, business trips and travel. Those who follow the lower path are selfish, superficial, often suffer from cancerous tumors, men - diseases of the prostate gland.",
        "rate": 0
      },
      {
        "cat_ru": "Питание",
        "note_ru": "Голодать не стоит - застолья сегодня пройдут очень хорошо.",
        "cat_en": "Nutrition",
        "note_en": "You shouldn't go hungry - the feasts today will go very well.",
        "rate": 0
      },
      {
        "cat_ru": "Здоровье",
        "note_ru": "Всем больным в этот день легче, даже безнадежным. При заболевании хворь весьма опасна, если не оказана немедленная помощь. Можно проводить очистительные процедуры. Лучший день для бани.",
        "cat_en": "Health",
        "note_en": "It is easier for all patients on this day, even hopeless ones. In case of illness, the disease is very dangerous if immediate assistance is not provided. Cleaning procedures can be carried out. The best day for a bath.",
        "rate": 0
      },
      {
        "cat_ru": "Стрижка волос",
        "note_ru": "Стрижка в этот день может усложнить вашу личную жизнь и затруднить отношения с противоположным полом.",
        "cat_en": "Haircut",
        "note_en": "The moon is now in Scorpio - an insidious time for a haircut. A haircut on this day can complicate your love life and make it difficult to deal with the opposite sex.",
        "rate": 2
      },
      {
        "cat_ru": "Характеристика второй четверти",
        "note_ru": "Возможны острые заболевания, стрессы, ограничьте прием лекарств, полностью исключите алкоголь. Нервная система наиболее напряжена и раздражима, в связи с этим желательно не ходить без головного убора и не спать под прямым лунным светом. Меньше физических нагрузок — от средней нагрузки и к полнолунию — малой. Для людей полных необходимы теплые ванны, а для худощавых хороши горячие ванны и парная на 9 и 10-й лунные дни. Рекомендуются прохладные и холодные обливания в начале периода умеренно и в конце периода усиленно (сначала на ступни ног и далее вверх до головы). За сутки до полнолуния и в полнолуние желательно отказаться от проведения хирургических вмешательств. Хирургические операции сопровождаются в полнолуние значительными кровопотерями. Инфекционные заболевания бактериальной природы часто начинаются утром, в полнолуние. Полнолуние — травмоопасный период, случаются частые отравления, обостряется сексуальная чувствительность, уход энергии от мужчины к женщине, действие лекарственных средств выражено максимально — отмечается 100-процентное усвоение лекарственных, наркотических средств, алкоголя, сильнее проявляется их побочное действие, рекомендуется меньше делать энергетических потерь, нежелательны танцы и прыжки. Очень осторожно принимать лекарственные средства. Празднества и свадьбы нежелательны. Очистительные процедуры во II-й фазе наиболее благоприятны. В первой трети периода (8, 9, 10-й лунные дни), особенно в 9-й хорошо проводить очищение от шлаков. Во второй трети п",
        "cat_en": "Second quarter characteristic",
        "note_en": "Possible acute illness, stress, limit medication, completely exclude alcohol. The nervous system is the most tense and irritable, in this regard, it is advisable not to go without a headdress and not sleep under direct moonlight. Less physical activity - from medium load and to the full moon - small. For overweight people, warm baths are needed, and for thin people, hot baths and a steam room on the 9th and 10th lunar days are good. Cool and cold douches are recommended at the beginning of the period moderately and at the end of the period intensely (first on the feet and then up to the head). The day before the full moon and on the full moon, it is advisable to refuse surgical interventions. Surgical operations are accompanied by significant blood loss during the full moon. Infectious diseases of a bacterial nature often begin in the morning, on a full moon. The full moon is a traumatic period, frequent poisoning occurs, sexual sensitivity is aggravated, energy leaves a man to a woman, the effect of drugs is expressed as much as possible - there is a 100% absorption of drugs, drugs, alcohol, their side effects are more pronounced, it is recommended to make less energy losses, dancing and jumping are undesirable. Take medicines very carefully. Celebrations and weddings are not desirable. Cleaning procedures in the II-nd phase are the most favorable. In the first third of the period (8, 9, 10 lunar days), especially in the 9th, it is good to carry out cleansing from toxins. In the second third of p",
        "rate": 0
      }
    ]
  }
]
