[
  {
    "filetype": "local",
    "num": "13",
    "data": [
      {
	    "title_ru": "Сегодня хорошо учиться у других людей ",
        "cat_ru": "Общие сведения",
        "note_ru": "В этот день многие ситуации из прошлого могут повторяться, могут проявиться старые проблемы. Если к вам возвращаются старые связи, значит, вы чего-то не выполнили. Отнеситесь к этому внимательно, постарайтесь освободиться от груза прошлого – и вы получите новые силы для будущих дел. Магический день. День энергетических очищений, накопления информации, изготовления круглых талисманов, прядения нитей, организациий, контактов, учебы, обращения с консультацией, коррекции прошлого, работы с кармой. День показывает нам нашу карму и наше несовершенство. Если с Вашей кармой всё в порядке, день будет похож на предыдущий. Наблюдайте за событиями дня. Сегодня хорошо учиться у людей. Только проявите известную осторожность в усвоении информации. Сегодня можете впасть в крайность: сбор бесполезной информации. Не забывайте: бесполезная информация загромождает разум и становится очень трудно сделать выбор даже там, где он очевиден.",
	    "title_ru": "Today it is good to learn from people",
        "cat_en": "General information",
        "note_en": "On this day, many situations from the past can be repeated, old problems can appear. If old connections come back to you, it means that you have not fulfilled something. Take this carefully, try to free yourself from the burden of the past - and you will receive new strength for future affairs. A magical day. Day of energetic cleansing, accumulation of information, making round talismans, spinning threads, organizing, contacts, studying, consulting, correcting the past, working with karma. The day shows us our karma and our imperfection. If everything is in order with your karma, the day will be similar to the previous one. Watch the events of the day. Today it is good to learn from people. Just show some caution in assimilating information. Today you can go to the extreme: collecting useless information. Remember: useless information clutters the mind and it becomes very difficult to make a choice, even where it is obvious.",
        "rate": 3
      },
      {
        "cat_ru": "Сны",
        "note_ru": "Сны этих суток, как правило, не просты. В них вы можете увидеть трудности и проблемы, котрые в действительности вас преследуют в жизни, показывают наши ошибки, нерешённые внутренние и внешние проблемы, предстоящие трудности, но предстать они могут в символической форме. В любом случае сны правдивы, они отражают проблемы, которые надо решить.",
        "cat_en": "Dreams",
        "note_en": "Dreams of these days are usually not easy. In them you can see the difficulties and problems that really haunt you in life, show our mistakes, unresolved internal and external problems, upcoming difficulties, but they can appear in symbolic form. In any case, dreams are true, they reflect problems that need to be solved.",
        "rate": 0
      },
      {
        "cat_ru": "Новые дела",
        "note_ru": "День несёт неудачу во всех делах. Ничего серьезного не следует предпринимать и начинать. Дела, начатые в этот день, дают обратные результаты.",
        "cat_en": "New cases",
        "note_en": "The day brings failure in all matters. Nothing serious should be undertaken and started. Cases started on that day are counterproductive.",
        "rate": 1
      },
      {
        "cat_ru": "Принятие решений",
        "note_ru": "Плох для больших дел. День хорошо посвятить честному разбору своих ошибок, анализу неудач предыдущего дня. Если вы действительно вынесете из этого урок, то у вас появятся благоприятные возможности укрепить своё положение в глазах окружающих.",
        "cat_en": "Making decisions",
        "note_en": "Bad for big things. It's good to devote a day to an honest analysis of your mistakes, an analysis of the previous day's failures. If you really learn a lesson from this, then you will have opportunities to strengthen your position in the eyes of others.",
        "rate": 1
      },
      {
        "cat_ru": "Бизнес",
        "note_ru": "Неблагоприятный день для бизнеса.",
        "cat_en": "Business",
        "note_en": "Bad day for business.",
        "rate": 1
      },
      {
        "cat_ru": "Деньги",
        "note_ru": "Хорош для решения финансовых вопросов.",
        "cat_en": "Money",
        "note_en": "Good for solving financial issues.",
        "rate": 4
      },
      {
        "cat_ru": "Недвижимость",
        "note_ru": "Операции с недвижимостью лучше перенести на более благоприятный день.",
        "cat_en": "Real estate",
        "note_en": "It is better to postpone real estate transactions to a more favorable day.",
        "rate": 2
      },
      {
        "cat_ru": "Торговля",
        "note_ru": "Неплохо для накопления, приобретения, изготовления предметов хозяйства.",
        "cat_en": "Trade",
        "note_en": "Not bad for the accumulation, acquisition, manufacture of household items.",
        "rate": 4
      },
      {
        "cat_ru": "Судебные дела",
        "note_ru": "Перенесите выяснение отношений на другой день.",
        "cat_en": "Court cases",
        "note_en": "Reschedule the showdown to another day.",
        "rate": 2
      },
      {
        "cat_ru": "Учёба",
        "note_ru": "Идеален для обучения, получения новой информациии, сдачи экзаменов.",
        "cat_en": "Studies",
        "note_en": "Ideal for learning, learning new information and passing exams.",
        "rate": 5
      },
      {
        "cat_ru": "Общение с начальством",
        "note_ru": "Удачное время для общения с начальством.",
        "cat_en": "Communication with superiors",
        "note_en": "A good time to communicate with your boss.",
        "rate": 5
      },
      {
        "cat_ru": "Смена работы",
        "note_ru": "Один из худших лунных дней для смены рода деятельности.",
        "cat_en": "Job change",
        "note_en": "One of the worst lunar days for a change of occupation.",
        "rate": 1
      },
      {
        "cat_ru": "Путешествия",
        "note_ru": "Луна не способствует путешественникам.",
        "cat_en": "Trips",
        "note_en": "The moon is not conducive to travelers.",
        "rate": 2
      },
      {
        "cat_ru": "Переезд",
        "note_ru": "Неподходящее время для переезда.",
        "cat_en": "Moving",
        "note_en": "Not a good time to move.",
        "rate": 2
      },
      {
        "cat_ru": "Секс",
        "note_ru": "Хорошо подходит для интимной близости.",
        "cat_en": "Sex",
        "note_en": "Well suited for intimacy.",
        "rate": 4
      },
      {
        "cat_ru": "Рождённые в этот день",
        "note_ru": "Очень хорошие ученики. Часто имеют необычные способности. Могут дожить до глубокой старости, если не умрут в детские и юные годы.",
        "cat_en": "Born on this day",
        "note_en": "Very good students. They often have unusual abilities. They can live to a ripe old age if they do not die in childhood and adolescence.",
        "rate": 5
      },
      {
        "cat_ru": "Питание",
        "note_ru": "Застолья сегодня пройдут очень хорошо. Сегодня можно нагружать желудок.",
        "cat_en": "Nutrition",
        "note_en": "The feasts will go very well today. Today the stomach can be loaded.",
        "rate": 5
      },
      {
        "cat_ru": "Здоровье",
        "note_ru": "Идут процессы омоложения организма. Можно удалять пятна, родинки, убирать морщины. Полезно посетить баню или сауну. В этот день прекрасно усваиваются и работают лекарства и косметические средства (например - свекла со сметаной).",
        "cat_en": "Health",
        "note_en": "The processes of rejuvenation of the body are underway. You can remove spots, moles, remove wrinkles. It is useful to visit a bathhouse or sauna. On this day, medicines and cosmetics are perfectly absorbed and work (for example, beets with sour cream).",
        "rate": 5
      },
      {
        "cat_ru": "Стрижка волос",
        "note_ru": "Желательно стричься, так как стрижка принесёт счастье и пользу.",
        "cat_en": "Haircut",
        "note_en": "It is advisable to have a haircut, as a haircut will bring happiness and benefit.",
        "rate": 4
      },
      {
        "cat_ru": "Характеристика второй четверти",
        "note_ru": "Возможны острые заболевания, стрессы, ограничьте прием лекарств, полностью исключите алкоголь. Нервная система наиболее напряжена и раздражима, в связи с этим желательно не ходить без головного убора и не спать под прямым лунным светом. Меньше физических нагрузок — от средней нагрузки и к полнолунию — малой. Для людей полных необходимы теплые ванны, а для худощавых хороши горячие ванны и парная на 9 и 10-й лунные дни. Рекомендуются прохладные и холодные обливания в начале периода умеренно и в конце периода усиленно (сначала на ступни ног и далее вверх до головы). За сутки до полнолуния и в полнолуние желательно отказаться от проведения хирургических вмешательств. Хирургические операции сопровождаются в полнолуние значительными кровопотерями. Инфекционные заболевания бактериальной природы часто начинаются утром, в полнолуние. Полнолуние — травмоопасный период, случаются частые отравления, обостряется сексуальная чувствительность, уход энергии от мужчины к женщине, действие лекарственных средств выражено максимально — отмечается 100-процентное усвоение лекарственных, наркотических средств, алкоголя, сильнее проявляется их побочное действие, рекомендуется меньше делать энергетических потерь, нежелательны танцы и прыжки. Очень осторожно принимать лекарственные средства. Празднества и свадьбы нежелательны. Очистительные процедуры во II-й фазе наиболее благоприятны. В первой трети периода (8, 9, 10-й лунные дни), особенно в 9-й хорошо проводить очищение от шлаков. Во второй трети п",
        "cat_en": "Second quarter characteristic",
        "note_en": "Possible acute illness, stress, limit medication, completely exclude alcohol. The nervous system is the most tense and irritable, in this regard, it is advisable not to go without a headdress and not sleep under direct moonlight. Less physical activity - from medium load and to the full moon - small. For overweight people, warm baths are needed, and for thin people, hot baths and a steam room on the 9th and 10th lunar days are good. Cool and cold douches are recommended at the beginning of the period moderately and at the end of the period intensely (first on the feet and then up to the head). The day before the full moon and on the full moon, it is advisable to refuse surgical interventions. Surgical operations are accompanied by significant blood loss during the full moon. Infectious diseases of a bacterial nature often begin in the morning, on a full moon. The full moon is a traumatic period, frequent poisoning occurs, sexual sensitivity is aggravated, energy leaves a man to a woman, the effect of drugs is expressed as much as possible - there is a 100% absorption of drugs, drugs, alcohol, their side effects are more pronounced, it is recommended to make less energy losses, dancing and jumping are undesirable. Take medicines very carefully. Celebrations and weddings are not desirable. Cleaning procedures in the II-nd phase are the most favorable. In the first third of the period (8, 9, 10 lunar days), especially in the 9th, it is good to carry out cleansing from toxins. In the second third of p",
        "rate": 0
      }
    ]
  }
]
