[
  {
    "filetype": "local",
    "num": "17",
    "data": [
      {
        "title_ru": "День любви",	      
        "cat_ru": "Общие сведения",
        "note_ru": "Это период обретения внутренней свободы, день мистерии Диониса. В древней Греции в честь этого бога устраивались священные вакханалии. На санскрите этот день назывался днем Шакти - женской энергии. Этим символом также обозначали танцовщиц, жриц любви. День связан с преобразованием женских энергий, а несублимированная (непроработанная) женская энергия может проявляться как буйство, как непроизвольный выход. Энергетика этого дня способствует обретению внутренней свободы, это день веселья и раскрепощения. Лучший для празднеств и торжеств, на которых плохо быть скучным и невеселым. \n\nЭто день накопления и произрастания, плодородия, экстаза и радости бытия, но не следует терять голову и осторожность: из-за неконтролируемых энергией, ибо этот день содержит в себе много неожиданностей. 17-й день несчастливый, если приходится на субботу. В этом случае может таить в себе большие опасности, но если он придется на любой другой день, то он дает хорошую основу для начинания новых и важных дел. День не принесет удачи одиночкам, эгоистам, скучным и замкнутым людям. Результаты этого дня могут быть очень разными: на высшем уровне - выход на ключ к идеальной любви, на низшем - буйство и пьянство.",
        "title_en": "Общие сведения",
        "cat_en": "Day of Love",
        "note_en": "This is the period of gaining inner freedom, the day of the mystery of Dionysus. In ancient Greece, sacred bacchanalia were arranged in honor of this god. In Sanskrit, this day was called the day of Shakti - feminine energy. This symbol also denoted dancers, priestesses of love. The day is associated with the transformation of feminine energies, and non-sublimated (unprocessed) feminine energy can manifest itself as a riot, as an involuntary exit. The energy of this day contributes to the acquisition of inner freedom, this is a day of fun and liberation. Best for festivities and celebrations where it is bad to be boring and unhappy. \n\nThis is a day of accumulation and growth, fertility, ecstasy and the joy of being, but you should not lose your head and caution: because of uncontrolled energy, because this day contains many surprises. The 17th day is unlucky if it falls on Saturday. In this case, it can be fraught with great dangers, but if it falls on any other day, then it provides a good basis for starting new and important things. The day will not bring good luck to loners, selfish people, boring and withdrawn people. The results of this day can be very different: at the highest level - the key to ideal love, at the lowest - riot and drunkenness.",
        "rate": 3
      },
      {
        "cat_ru": "Сны",
        "note_ru": "Сны исполняются, но, как правило, на третий день. Если снятся приятные сны, значит, вы успешно реализовали себя в творчестве и в любви. Если сны неприятные - значит, в вашей жизни не хватает творчества, да и с любовью не все ладится. Такой сон говорит: есть возможность решить эти проблемы, не упустите эту возможность, время пришло!",
        "cat_en": "Dreams",
        "note_en": "Dreams come true, but usually on the third day. If you have pleasant dreams, it means that you have successfully realized yourself in creativity and in love. If dreams are unpleasant, it means that there is not enough creativity in your life, and not everything goes well with love. Such a dream says: there is an opportunity to solve these problems, do not miss this opportunity, the time has come!",
        "rate": 0
      },
      {
        "cat_ru": "Новые дела",
        "note_ru": "Можно начинать мелкие дела, крупные лучше отложить.",
        "cat_en": "New cases",
        "note_en": "You can start small things, it is better to postpone large ones.",
        "rate": 3
      },
      {
        "cat_ru": "Принятие решений",
        "note_ru": "Не благоприятен.",
        "cat_en": "Making decisions",
        "note_en": "Not favorable.",
        "rate": 2
      },
      {
        "cat_ru": "Бизнес",
        "note_ru": "Можно заниматься делами, но день плох для рутинной работы, отчетов и перенапряжения.",
        "cat_en": "Business",
        "note_en": "You can do business, but the day is bad for routine work, reports and overexertion.",
        "rate": 4
      },
      {
        "cat_ru": "Деньги",
        "note_ru": "Хорош для решения финансовых вопросов.",
        "cat_en": "Money",
        "note_en": "Good for solving financial issues.",
        "rate": 4
      },
      {
        "cat_ru": "Недвижимость",
        "note_ru": "Можно производить любые операции с недвижимостью.",
        "cat_en": "Real estate",
        "note_en": "You can carry out any real estate transactions.",
        "rate": 4
      },
      {
        "cat_ru": "Торговля",
        "note_ru": "Благоприятный день для торговли.",
        "cat_en": "Trade",
        "note_en": "Auspicious day for trading.",
        "rate": 4
      },
      {
        "cat_ru": "Судебные дела",
        "note_ru": "Перенесите выяснение отношений на другой день.",
        "cat_en": "Court cases",
        "note_en": "Reschedule the showdown to another day.",
        "rate": 2
      },
      {
        "cat_ru": "Учёба",
        "note_ru": "Можно продолжать обучение, экзамены лучше отложить.",
        "cat_en": "Studies",
        "note_en": "You can continue studying, it is better to postpone exams.",
        "rate": 2
      },
      {
        "cat_ru": "Общение с начальством",
        "note_ru": "Контакты с начальством не сулят ничего хорошего.",
        "cat_en": "Communication with superiors",
        "note_en": "Contacts with superiors do not bode well.",
        "rate": 2
      },
      {
        "cat_ru": "Смена работы",
        "note_ru": "Подходящее время для смены работы.",
        "cat_en": "Job change",
        "note_en": "The right time for a job change.",
        "rate": 4
      },
      {
        "cat_ru": "Путешествия",
        "note_ru": "Хороший лунный день для путешествий, прекрасно находиться в дороге.",
        "cat_en": "Trips",
        "note_en": "A good lunar day for travel, it is great to be on the road.",
        "rate": 4
      },
      {
        "cat_ru": "Переезд",
        "note_ru": "Переезд по возможности лучше перенести на следующий день.",
        "cat_en": "Moving",
        "note_en": "If possible, it is better to postpone the move to the next day.",
        "rate": 2
      },
      {
        "cat_ru": "Секс",
        "note_ru": "Энергетика дня способствует любым межполовым отношениям.",
        "cat_en": "Sex",
        "note_en": "The energy of the day contributes to any inter-sex relationship.",
        "rate": 3
      },
      {
        "cat_ru": "Рождённые в этот день",
        "note_ru": "Будут счастливыми и процветающими. Они нуждаются в своей половине. У них большая потребность в истинном супруге или любовнике - источнике энергии парной полярности, иначе они будут жалки и слабы в жизни. Если находят, то становятся очень мудрыми и сильными людьми.",
        "cat_en": "Born on this day",
        "note_en": "They will be happy and prosperous. They need their half. They have a great need for a true spouse or lover - a source of energy of paired polarity, otherwise they will be pitiful and weak in life. If they do, they become very wise and strong people.",
        "rate": 0
      },
      {
        "cat_ru": "Питание",
        "note_ru": "Идеально подходит для банкетов, праздников и застолий.",
        "cat_en": "Nutrition",
        "note_en": "Ideal for banquets, celebrations and feasts.",
        "rate": 0
      },
      {
        "cat_ru": "Здоровье",
        "note_ru": "У заболевшего, если этот день попадает на субботу, могут быть плохие перспективы на выздоровление, ибо болезнь в этом случае может оказаться неизлечимой.",
        "cat_en": "Health",
        "note_en": "A sick person, if this day falls on Saturday, may have poor prospects for recovery, because the disease in this case may be incurable.",
        "rate": 0
      },
      {
        "cat_ru": "Стрижка волос",
        "note_ru": "Лучше отложить стрижку, поскольку в противном случае она может принести препятствия в делах и привлечь болезни. По восточным поверьям люди, которые постриглись в этот лунный день, становятся легкой добычей для злых духов.\nА вот окраска волос в светлый и рыжий цвет может помочь избежать негатива и отпугнуть `темные силы`.",
        "cat_en": "Haircut",
        "note_en": "It is better to postpone the haircut, because otherwise it can bring obstacles in business and attract illness. According to eastern beliefs, people who cut their hair on this lunar day become easy prey for evil spirits.\nBut dyeing hair in light and red color can help avoid negativity and scare away the dark forces.",
        "rate": 1
      },
      {
        "cat_ru": "Характеристика третьей четверти",
        "note_ru": "Возможны нарушения деятельности органов пищеварения, будьте особенно внимательны к своему здоровью, старайтесь в это время не заболеть. Проявляется повышенная половая активность. Энергии много, и она может расходоваться на созидание нового, самосовершенствование. Этот период можно сравнить с наступление половой зрелости. Человек повзрослел и должен сполна осуществить всё, на что он способен. Организм настроен на активность, на выплеск её изнутри. Мы приобретаем внутреннюю свободу и независимость, а потому способны очень на многое. Не упустите этот момент! Потому что дальше - до новолуния - силы будут убывать. На убывающей Луне нужно заканчивать дела, начатые во время Луны растущей. Операции удаются лучше, чем в другое время, почти все домашние работы спорятся. Если кто-то ест больше, чем в иное время, то не прибавляет так быстро в весе. Этот период благоприятен для посадки подземных овощей и неблагоприятен для окулировки плодовых деревьев. Не стоит употреблять острую, жареную пищу, продукты животного происхождения. Желательно есть янскую пищу, а во второй половине фазы побольше свежей, сочной, водянистой, прохладной пищи. Можно употреблять более грубую пищу, чем в 1-й фазе, но переедать нельзя. Если вы правильно вели себя во время предшествующих фаз луны, в третью фазу задуманные дела удаются как нельзя лучше. Всё, за что ни возьмётесь - получается легко: уборка, тяжелый физический или напряженный умственный труд. Впрочем, не переоцените свои возможности - впереди смена лунны",
        "cat_en": "Third quarter characteristic",
        "note_en": "Disorders of the digestive system are possible, be especially careful about your health, try not to get sick at this time. Increased sexual activity is manifested. There is a lot of energy, and it can be spent on creating something new, self-improvement. This period can be compared to the onset of puberty. A person has matured and must fully implement everything that he is capable of. The body is tuned to activity, to splash it out from within. We acquire inner freedom and independence, and therefore are capable of a lot. Don't miss this moment! Because further - until the new moon - the forces will decrease. On the waning moon, you need to finish the business started during the waxing moon. Operations work better than at other times, almost all household chores are controversial. If someone eats more than at other times, then they do not gain weight as quickly. This period is favorable for planting underground vegetables and unfavorable for budding fruit trees. Do not eat spicy, fried food, animal products. It is advisable to eat Yang food, and in the second half of the phase, more fresh, juicy, watery, cool food. You can eat rougher foods than in the 1st phase, but you should not overeat. If you behaved correctly during the previous phases of the moon, in the third phase, the plans you have planned work out as well as possible. Whatever you undertake is easy: cleaning, hard physical or strenuous mental work. However, do not overestimate your capabilities - the change of the moon is ahead.",
        "rate": 0
      }
    ]
  }
]
