[
  {
    "filetype": "local",
    "num": "18",
    "data": [
      {
        "title_ru": "Зеркальный день",	      
        "cat_ru": "Общие сведения",
        "note_ru": "День является как бы зеркальным отражением нашей внутренней сущности и показывает нам то, что мы наработали в своей жизни. Энергетика этого дня делает человека пассивным. Возрастает опасность поддаться чужому влиянию, приспособиться к нему, начать кому-то подражать или следовать чужим мыслям. Этот день может стать днем коварных обманов и обольщений, масок и интриг. Люди, сами того не желая, могут подводить друг друга. Рекомендуется следить за своими дурными привычками и мыслями, отказаться от эгоизма и тщеславия, иллюзий и низменных инстинктов, постараться увидеть себя со стороны и объективно оценить. Для некоторых людей день тяжелый, поскольку может стать и днем грехопадения. Человека, не желающего бороться со своими низкими инстинктами, могут одолевать кошмары, обольщения, проявляются тайные препятствия - создается впечатление, что вас пытаются сбить с истинного пути. Обостряется чувство подчиненности, собственного и чужого несовершенства. 18-й день может быть счастливым и удачливым, но все же требует благоразумия, сдержанности, осторожности и осмотрительности.",
        "title_en": "Mirror days",
        "cat_en": "General information",
        "note_en": "Day is like a mirror reflection of our inner being and shows us what we have worked out in our life. The energy of this day makes a person passive. There is a growing danger of succumbing to someone else's influence, adapting to it, starting to imitate someone or follow someone else's thoughts. This day can be a day of insidious deceptions and seductions, masks and intrigues. People, unwittingly, can let each other down. It is recommended to follow your bad habits and thoughts, give up selfishness and vanity, illusions and base instincts, try to see yourself from the outside and evaluate objectively. For some people, the day is difficult, as it can also be the day of the fall. A person who does not want to fight his low instincts can be overcome by nightmares, seduction, secret obstacles appear - it seems that they are trying to lead you astray. The feeling of subordination, one's own and others' imperfection is sharpened. Day 18 can be happy and fortunate, but it still requires prudence, restraint, caution and discretion.",
        "rate": 3
      },
      {
        "cat_ru": "Сны",
        "note_ru": "Сны часто сбываются, стоит к ним прислушаться. Снится состояние здоровья, а также то, что впустую уносит наши силы, т.е. сон может показать, что мешает вам жить. В снах даются подсказки на улучшение ситуации, пути к исцелению от болезни.",
        "cat_en": "Dreams",
        "note_en": "Dreams often come true, it is worth listening to them. The state of health is dreaming, as well as that which takes away our strength in vain, i.e. a dream can show what prevents you from living. In dreams, clues are given to improve the situation, ways to heal from the disease.",
        "rate": 0
      },
      {
        "cat_ru": "Новые дела",
        "note_ru": "Этот лунный день не благоприятен для начинаний.",
        "cat_en": "New cases",
        "note_en": "This lunar day is not favorable for beginnings.",
        "rate": 2
      },
      {
        "cat_ru": "Принятие решений",
        "note_ru": "Не благоприятен.",
        "cat_en": "Making decisions",
        "note_en": "Not favorable.",
        "rate": 2
      },
      {
        "cat_ru": "Бизнес",
        "note_ru": "Лучше не заниматься делами. Возможны потери, затруднение деловых связей, возникновение неожиданных проблем.",
        "cat_en": "Business",
        "note_en": "Better not to do business. Losses, difficulties in business relations, unexpected problems may arise.",
        "rate": 2
      },
      {
        "cat_ru": "Деньги",
        "note_ru": "Финансовыми вопросами лучше не заниматься.",
        "cat_en": "Money",
        "note_en": "It is better not to deal with financial issues.",
        "rate": 2
      },
      {
        "cat_ru": "Недвижимость",
        "note_ru": "Заниматься недвижимостью не стоит.",
        "cat_en": "Real estate",
        "note_en": "Do not deal with real estate.",
        "rate": 2
      },
      {
        "cat_ru": "Торговля",
        "note_ru": "Неблагоприятный день для торговли.",
        "cat_en": "Trade",
        "note_en": "Bad day for trading.",
        "rate": 2
      },
      {
        "cat_ru": "Судебные дела",
        "note_ru": "Перенесите выяснение отношений на другой день.",
        "cat_en": "Court cases",
        "note_en": "Reschedule the showdown to another day.",
        "rate": 2
      },
      {
        "cat_ru": "Учёба",
        "note_ru": "Можно продолжать обучение, экзамены лучше отложить.",
        "cat_en": "Studies",
        "note_en": "You can continue studying, it is better to postpone exams.",
        "rate": 3
      },
      {
        "cat_ru": "Общение с начальством",
        "note_ru": "Можно обращаться к начальству с мелкими вопросами.",
        "cat_en": "Communication with superiors",
        "note_en": "You can contact your superiors with minor questions.",
        "rate": 3
      },
      {
        "cat_ru": "Смена работы",
        "note_ru": "Лучше перенести смену места работы на другой лунный день.",
        "cat_en": "Job change",
        "note_en": "Better to postpone the change of job to another lunar day.",
        "rate": 2
      },
      {
        "cat_ru": "Путешествия",
        "note_ru": "Хороший лунный день для путешествий, прекрасно находиться в дороге.",
        "cat_en": "Trips",
        "note_en": "A good lunar day for travel, it is great to be on the road.",
        "rate": 4
      },
      {
        "cat_ru": "Переезд",
        "note_ru": "Благоприятный день для переезда.",
        "cat_en": "Moving",
        "note_en": "Auspicious day for moving.",
        "rate": 5
      },
      {
        "cat_ru": "Секс",
        "note_ru": "Лучше воздержаться от интима.",
        "cat_en": "Sex",
        "note_en": "Better to refrain from intimacy.",
        "rate": 2
      },
      {
        "cat_ru": "Рождённые в этот день",
        "note_ru": "Индивидуумы, идущие по высокому пути - тип чистого зеркала, на них может проигрываться мистерия Ханумана, чья задача - служение высокой идее. Это личности созидающие, способные на самопожертвование, на подвиг, при этом могут оставаться скромными и незаметными, целители. Будут трудолюбивыми и работоспособными. В последствии их ожидает зажиточность, даже богатство. Рождённые в этот день с талантом актера (чаще комедийного) видят мир перевёрнутым и всё доводят до абсурда. Это люди без стержня, которые могут возомнить себя венцом творения - и тогда их путь будет жалок и низок: они могут дойти до полного разрушения и цинизма. Нередко они запутываются в своих иллюзиях и начинают не щадить ни правого, ни виноватого. Им нужно бороться с эгоизмом.",
        "cat_en": "Born on this day",
        "note_en": "Individuals walking the high path are a type of pure mirror; the mystery of Hanuman, whose task is to serve a high idea, can be played on them. These are creative personalities, capable of self-sacrifice, of feat, while they can remain modest and invisible, healers. They will be hardworking and efficient. Subsequently, prosperity, even wealth, awaits them. Those born on this day with the talent of an actor (more often than a comedy one) see the world upside down and bring everything to the point of absurdity. These are people without a core who can think of themselves as the crown of creation - and then their path will be pitiful and low: they can reach complete destruction and cynicism. Often they get entangled in their illusions and begin to spare neither the right nor the guilty. They need to fight selfishness.",
        "rate": 0
      },
      {
        "cat_ru": "Питание",
        "note_ru": "Можно устроить небольшое застолье, но рекомендуется вегетарианская диета: орехи, побольше растительного масла.",
        "cat_en": "Nutrition",
        "note_en": "You can have a small feast, but a vegetarian diet is recommended: nuts, more vegetable oil.",
        "rate": 0
      },
      {
        "cat_ru": "Здоровье",
        "note_ru": "Заболевший в этот день может долго проболеть, но болезнь скорее всего не будет смертельной. Рекомендуется голодание и очистка кишечника, очищение кожи, а также сауна, бани с хорошим паром, и процедуры омоложения. Хорошо удаются целительство, кармическая работа.",
        "cat_en": "Health",
        "note_en": "A sick person on this day can get sick for a long time, but the disease most likely will not be fatal. Fasting and bowel cleansing, skin cleansing, as well as a sauna, good steam baths, and rejuvenation procedures are recommended. Healing and karmic work are good.",
        "rate": 0
      },
      {
        "cat_ru": "Стрижка волос",
        "note_ru": "Неблагоприятный день для стрижки - приведёт к потере собственности, кражам, могут заболеть ваши домашние животные (они чувствуют грозящие вам опасности и переживают за вас). По тибетским традициям это сжигающий день и стрижка волос принесет серьезное ухудшение состояния здоровья.",
        "cat_en": "Haircut",
        "note_en": "Unfavorable day for a haircut - will lead to loss of property, theft, your pets may get sick (they feel the dangers that threaten you and worry about you). According to Tibetan tradition, this is a burning day and hair cutting will bring a serious deterioration in health.",
        "rate": 2
      },
      {
        "cat_ru": "Характеристика третьей четверти",
        "note_ru": "Возможны нарушения деятельности органов пищеварения, будьте особенно внимательны к своему здоровью, старайтесь в это время не заболеть. Проявляется повышенная половая активность. Энергии много, и она может расходоваться на созидание нового, самосовершенствование. Этот период можно сравнить с наступление половой зрелости. Человек повзрослел и должен сполна осуществить всё, на что он способен. Организм настроен на активность, на выплеск её изнутри. Мы приобретаем внутреннюю свободу и независимость, а потому способны очень на многое. Не упустите этот момент! Потому что дальше - до новолуния - силы будут убывать. На убывающей Луне нужно заканчивать дела, начатые во время Луны растущей. Операции удаются лучше, чем в другое время, почти все домашние работы спорятся. Если кто-то ест больше, чем в иное время, то не прибавляет так быстро в весе. Этот период благоприятен для посадки подземных овощей и неблагоприятен для окулировки плодовых деревьев. Не стоит употреблять острую, жареную пищу, продукты животного происхождения. Желательно есть янскую пищу, а во второй половине фазы побольше свежей, сочной, водянистой, прохладной пищи. Можно употреблять более грубую пищу, чем в 1-й фазе, но переедать нельзя. Если вы правильно вели себя во время предшествующих фаз луны, в третью фазу задуманные дела удаются как нельзя лучше. Всё, за что ни возьмётесь - получается легко: уборка, тяжелый физический или напряженный умственный труд. Впрочем, не переоцените свои возможности - впереди смена лунны",
        "cat_en": "Third quarter characteristic",
        "note_en": "Disorders of the digestive system are possible, be especially careful about your health, try not to get sick at this time. Increased sexual activity is manifested. There is a lot of energy, and it can be spent on creating something new, self-improvement. This period can be compared to the onset of puberty. A person has matured and must fully implement everything that he is capable of. The body is tuned to activity, to splash it out from within. We acquire inner freedom and independence, and therefore are capable of a lot. Don't miss this moment! Because further - until the new moon - the forces will decrease. On the waning moon, you need to finish the business started during the waxing moon. Operations work better than at other times, almost all household chores are controversial. If someone eats more than at other times, then they do not gain weight as quickly. This period is favorable for planting underground vegetables and unfavorable for budding fruit trees. Do not eat spicy, fried food, animal products. It is advisable to eat Yang food, and in the second half of the phase, more fresh, juicy, watery, cool food. You can eat rougher foods than in the 1st phase, but you should not overeat. If you behaved correctly during the previous phases of the moon, in the third phase, the plans you have planned work out as well as possible. Whatever you undertake is easy: cleaning, hard physical or strenuous mental work. However, do not overestimate your capabilities - the change of the moon is ahead.",
        "rate": 0
      }
    ]
  }
]