[
   {
      "filetype":"local",
      "num": "2",
      "data":[
         {
            "title_ru": "День активных действий и начинаний",
            "cat_ru":"Общие сведения",
            "note_ru":"Этот день склоняет к проявлению жадности, поэтому нужно всячески развивать в себе щедрость и не надо жалеть того, от чего вы освобождаетесь. Совершенно противопоказана злость. Наоборот, сделайте кому-нибудь (а может быть и себе) подарок, раздайте ненужные вам вещи - всё окупится, всё вернётся сполна. \n\nХороший день для начала новых общественных мероприятий. \n\nДень прекрасно подходит для начала физической реализации замыслов. Особое внимание в этот день следует уделить телу и в частности питанию. Тело набирает силы на весь месяц - прислушайтесь к нему. Можно подобрать себе диету на весь лунный месяц исходя из пищевых предпочтений этих лунных суток. \n\nДень удачен для испрошения милости у судьбы, хорош для перемещений и перестройки. Однако этот день абсолютно неблагоприятный для воровства - все воры будут рано или поздно пойманы.",
            "title_en": "Day of active actions and beginnings",
            "cat_en":"General information",
            "note_en":"Day of active actions and undertakings This day inclines to the manifestation of greed, so you need to develop generosity in yourself in every possible way and do not need to regret what you are free from. Anger is completely contraindicated. On the contrary, give someone (and maybe yourself) a gift, hand out the things you don't need - everything will pay off, everything will return in full. \n\nNice day to start new social events. \n\nThe day is perfect for starting the physical realization of ideas. Particular attention on this day should be paid to the body and, in particular, nutrition. The body is gaining strength for the whole month - listen to it. You can choose a diet for the entire lunar month based on the food preferences of these lunar days. \n\nThe day is good for asking for favor from fate, good for moving and rebuilding. However, this day is absolutely unfavorable for theft - sooner or later all thieves will be caught.",
            "rate":5
         },
         {
            "cat_ru":"Сны",
            "note_ru":"Сны этого лунного дня часто устрашающи, но они не сбываются. Если во сне вы не можете преодолеть какое-то препятствие, то наяву легко его преодолеете.",
            "cat_en":"Dreams",
            "note_en":"Dreams of this lunar day are often frightening, but they do not come true. If in a dream you cannot overcome some obstacle, then in reality you will easily overcome it.",
            "rate":5
         },
         {
            "cat_ru":"Новые дела",
            "note_ru":"Один из лучших для начала любых дел.",
            "cat_en":"New cases",
            "note_en":"One of the best for starting any business.",
            "rate":5
         },
         {
            "cat_ru":"Принятие решений",
            "note_ru":"Обдумывайте свои планы, накапливайте силы для их осуществления.",
            "cat_en":"Making decisions",
            "note_en":"Think over your plans, accumulate strength for their implementation.",
            "rate":3
         },
         {
            "cat_ru":"Бизнес",
            "note_ru":"Хорош для больших дел.",
            "cat_en":"Business",
            "note_en":"Good for big deals.",
            "rate":4
         },
         {
            "cat_ru":"Деньги",
            "note_ru":"Хороший день для решения финансовых вопросов.",
            "cat_en":"Money",
            "note_en":"A good day to deal with financial issues.",
            "rate":4
         },
         {
            "cat_ru":"Недвижимость",
            "note_ru":"Отлично подходит для любых операций с недвижимостью.",
            "cat_en":"Real estate",
            "note_en":"Great for any real estate business.",
            "rate":5
         },
         {
            "cat_ru":"Торговля",
            "note_ru":"Хорошее время для торговли.",
            "cat_en":"Trade",
            "note_en":"Good time to trade.",
            "rate":4
         },
         {
            "cat_ru":"Судебные дела",
            "note_ru":"Нехорошее время для судебных процессов. Лучше не ссориться.",
            "cat_en":"Court cases",
            "note_en":"Not a good time for lawsuits. Better not to quarrel.",
            "rate":4
         },
         {
            "cat_ru":"Учёба",
            "note_ru":"Идеальный день для учёбы и сдачи экзаменов.",
            "cat_en":"Studies",
            "note_en":"A perfect day to study and take exams.",
            "rate":5
         },
         {
            "cat_ru":"Общение с начальством",
            "note_ru":"Такое общение не сулит ничего хорошего.",
            "cat_en":"Communication with superiors",
            "note_en":"Such communication does not bode well.",
            "rate":2
         },
         {
            "cat_ru":"Смена работы",
            "note_ru":"Хорошее время для смены работы.",
            "cat_en":"Job change",
            "note_en":"Good time to change jobs.",
            "rate":4
         },
         {
            "cat_ru":"Путешествия",
            "note_ru":"Благоприятное время для разного рода поездок, командировок, путешествий как коротких, ближних, так и длительных, дальних.",
            "cat_en":"Trips",
            "note_en":"Favorable time for all kinds of trips, business trips, travel, both short, short, and long, long distance.",
            "rate":4
         },
         {
            "cat_ru":"Переезд",
            "note_ru":"Хороший день для переезда.",
            "cat_en":"Moving",
            "note_en":"Nice day to move.",
            "rate":5
         },
         {
            "cat_ru":"Секс",
            "note_ru":"Лучше знать меру в сексе.",
            "cat_en":"Sex",
            "note_en":"Better to know when to stop in sex.",
            "rate":3
         },
         {
            "cat_ru":"Рождённые в этот день",
            "note_ru":"Будут расти благополучно. Имеют сильную физическую составляющую. Они не нуждаются в какой-то особенной диете. Редко бывают полными. Имеют житейский склад ума. Привязываются к близким и имуществу. Хорошо, когда это выражается в преданности и хозяйственности, но может перерасти в жадность и захватничество.",
            "cat_en":"Born on this day",
            "note_en":"They will grow well. They have a strong physical component. They don't need any special diet. They are rarely full. They have an everyday mindset. They are attached to loved ones and property. It is good when this is expressed in devotion and thrift, but it can develop into greed and conquest.",
            "rate":0
         },
         {
            "cat_ru":"Питание",
            "note_ru":"Можно устраивать небольшие застолья. Может пробудиться зверский аппетит. Наедаться чем попало не надо, а вот отказывать себе в том, чего вам действительно хочется не стоит - в этот день можно определить что полезно, а что вредно для вашего организма. Следует мысленно вспомнить все употребляемые вами продукты - если вы почувствовали к чему-то отвращение, то это не ваша пища. То, к чему тянет, обычно и есть полезное для вашего организма. Полезна грубая растительная пища.",
            "cat_en":"Nutrition",
            "note_en":"You can arrange small feasts. A brutal appetite may awaken. You don't need to gorge on anything, but to deny yourself what you really want is not worth it - on this day you can determine what is useful and what is harmful to your body. You should mentally recall all the foods you eat - if you felt disgust for something, then this is not your food. What you are drawn to is usually beneficial for your body. Coarse plant foods are useful.",
            "rate":0
         },
         {
            "cat_ru":"Здоровье",
            "note_ru":"При заболевании - болезнь обычно непродолжительна и без последствий. Болеют парадонтозом и другими заболеваниями зубов, проявляется лишай, страдает функциональность пищеварительного тракта, обостряются психосоматические заболевания. Хорошо начать цикл физических упражнений. Хорошо посетить парную баню. При растущей луне кожа настроена на принятие, поглощение. Питательные маски, кремы, увлажняющие процедуры будут наиболее эффективными именно в этот и последующие несколько дней. От пилинга и очищения пока лучше воздержаться.",
            "cat_en":"Health",
            "note_en":"In case of illness, the illness is usually short-lived and without consequences. They suffer from periodontal disease and other dental diseases, lichen appears, the functionality of the digestive tract suffers, psychosomatic diseases are aggravated. It's good to start an exercise cycle. It is good to visit the steam bath. With the waxing moon, the skin is tuned in to accept, absorb. Nourishing masks, creams, moisturizing procedures will be most effective during this and the next few days. It is better to refrain from peeling and cleansing for now.",
            "rate":0
         },
         {
            "cat_ru":"Стрижка волос",
            "note_ru":"Плохой день для стрижки. Стрижка привлечёт к вам ссоры и тяжбы.",
            "cat_en":"Haircut",
            "note_en":"Bad day for a haircut. A haircut will attract quarrels and litigation to you.",
            "rate":1
         },
         {
            "cat_ru":"Характеристика первой четверти",
            "note_ru":"Это активное, честолюбивое и напряжённое время. Оно отличается стремительным движением вперёд и стимулом к прогрессу. Возникает атмосфера энергии и энтузиазма. Но при этом возникают проблемы и острые ситуации, разногласия и конфликты. Часто происходят конфликты между мужчинами и женщинами, взрослыми и детьми. Появляется искушение сорить деньгами. Повышается опасность травматизма и аварийность на дорогах из-за неосторожности. Увеличивается подверженность простудным заболеваниям, обостряются хронические заболевания. В это время часто появляется тенденция к чрезмерноме оптимизму, поэтому помните, что впоследствии вам придётся расплачиваться за все ошибки, совершённые в это время. Это подходящее время для напряжённой работы без расслабления. Не следует уклоняться от трудных разговоров и неприятных встреч, полезно разрешать конфликты и преодолевать разногласия. Это не время для созерцания, а время действий. Но презентации и рекламные показы стоит отложить. На растущей Луне принято начинать новые дела. Всё, что должно быть введено, строит и укрепляет, имеет двойное воздействие. Чем больше растёт Луна, тем неблагоприятнее могут протекать операции и заживление повреждений. И ещё: например, бельё при том же количестве моющих средств не будет после стирки таким чистым, как при убывающей Луне. Замечено, что при растущей Луне и в полнолуние рождается больше детей.",
            "cat_en":"First quarter characteristics",
            "note_en":"This is an active, ambitious and stressful time. It is distinguished by its rapid movement forward and an incentive to progress. An atmosphere of energy and enthusiasm arises. But at the same time, problems and acute situations, disagreements and conflicts arise. Conflicts often occur between men and women, adults and children. There is a temptation to waste money. The risk of injury and road accidents increases due to negligence. The susceptibility to colds increases, chronic diseases are exacerbated. At this time, there is often a tendency to be overly optimistic, so remember that later you will have to pay for all the mistakes made during this time. This is the right time for strenuous work without relaxation. You should not shy away from difficult conversations and unpleasant encounters, it is useful to resolve conflicts and overcome differences. This is not a time for contemplation, but a time for action. But presentations and ad impressions should be postponed. On the growing moon, it is customary to start new business. Anything that needs to be introduced, builds and strengthens, has a double effect. The more the moon grows, the more unfavorable operations and healing of injuries can proceed. And one more thing: for example, laundry with the same amount of detergents will not be as clean after washing as during the waning moon. It is noticed that with the growing moon and at full moon more children are born.",
            "rate":0
         }
      ]
   }
]
