[
  {
    "filetype": "local",
    "num": "25",
    "data": [
      {
        "title_ru": "День отдыха",
        "cat_ru": "Общие сведения",
        "note_ru": "День пассивный, внутренний, созерцательный, период одиночества, сосредоточения, воображения, самоуглубления, повышения духовности, развития чувствительности. Очень хорошо провести его в уединённых размышлениях, лучше на природе. Хорошо, если есть возможность, побывать у воды, поплавать. Сходите в баню, не напрягайтесь. Прислушивайтесь к своему внутреннему голосу, обдумайте свою жизнь и свое восприятие мира. Любой знак в этот день должен восприниматься как указание.",
        "title_en": "Day of rest",
        "cat_en": "General information",
        "note_en": "The day is passive, internal, contemplative, a period of loneliness, concentration, imagination, self-absorption, increased spirituality, development of sensitivity. It is very good to spend it in solitary contemplation, better in nature. It is good, if there is an opportunity, to visit the water, swim. Go to the bathhouse, do not strain. Listen to your inner voice, think about your life and your perception of the world. Any sign on this day should be taken as an indication.",
        "rate": 4
      },
      {
        "cat_ru": "Сны",
        "note_ru": "Могут исполниться, могут не исполниться. Редко несут полезную информацию, но могут принести зло, поэтому после них следует читать молитвы или ставить обереги, чтоб не принесли в жизнь плохого.",
        "cat_en": "Dreams",
        "note_en": "May be fulfilled, may not be fulfilled. They rarely carry useful information, but they can bring evil, therefore prayers should be read after them or charms should be placed so that they do not bring bad things into life.",
        "rate": 0
      },
      {
        "cat_ru": "Новые дела",
        "note_ru": "Начинать не следует, однако нужно завершить неоконченное.",
        "cat_en": "New cases",
        "note_en": "You should not start, but you need to complete the unfinished.",
        "rate": 2
      },
      {
        "cat_ru": "Принятие решений",
        "note_ru": "Можно руководствоваться интуицией.",
        "cat_en": "Making decisions",
        "note_en": "You can be guided by intuition.",
        "rate": 4
      },
      {
        "cat_ru": "Бизнес",
        "note_ru": "Решение важных вопросов лучше перенести.",
        "cat_en": "Business",
        "note_en": "It is better to postpone the decision of important issues.",
        "rate": 2
      },
      {
        "cat_ru": "Деньги",
        "note_ru": "Можно проводить не очень серьёзные финансовые операций.",
        "cat_en": "Money",
        "note_en": "You can carry out not very serious financial transactions.",
        "rate": 3
      },
      {
        "cat_ru": "Недвижимость",
        "note_ru": "Отлично подходит для любых операций.",
        "cat_en": "Real estate",
        "note_en": "Great for any kind of operation.",
        "rate": 5
      },
      {
        "cat_ru": "Торговля",
        "note_ru": "Хороший день для торговли.",
        "cat_en": "Trade",
        "note_en": "Nice day to trade.",
        "rate": 4
      },
      {
        "cat_ru": "Судебные дела",
        "note_ru": "Хорош и удачен.",
        "cat_en": "Court cases",
        "note_en": "Good and successful.",
        "rate": 5
      },
      {
        "cat_ru": "Учёба",
        "note_ru": "Можно продолжать обучение, экзамены лучше отложить.",
        "cat_en": "Studies",
        "note_en": "You can continue studying, it is better to postpone exams.",
        "rate": 3
      },
      {
        "cat_ru": "Общение с начальством",
        "note_ru": "Можно обращаться к начальству с мелкими вопросами.",
        "cat_en": "Communication with superiors",
        "note_en": "You can contact your superiors with minor questions.",
        "rate": 3
      },
      {
        "cat_ru": "Смена работы",
        "note_ru": "Смену работы лучше перенести на более благоприятный день.",
        "cat_en": "Job change",
        "note_en": "It is better to postpone the change of work to a more favorable day.",
        "rate": 2
      },
      {
        "cat_ru": "Путешествия",
        "note_ru": "Хороший и удачный день для путешествий.",
        "cat_en": "Trips",
        "note_en": "Nice and lucky day to travel.",
        "rate": 5
      },
      {
        "cat_ru": "Переезд",
        "note_ru": "Отличный день для переезда.",
        "cat_en": "Moving",
        "note_en": "A great day to move.",
        "rate": 5
      },
      {
        "cat_ru": "Секс",
        "note_ru": "Умеренно.",
        "cat_en": "Sex",
        "note_en": "Moderately.",
        "rate": 3
      },
      {
        "cat_ru": "Рождённые в этот день",
        "note_ru": "С детства - это мудрые, неторопливые, даже будто сонные люди, но способные преображаться, часто видят вещие сны. Станут любимцеми Фортуны, счастье будет сопутствовать им до самой смерти.",
        "cat_en": "Born on this day",
        "note_en": "Since childhood, these are wise, unhurried, even sleepy people, but capable of transforming, often see prophetic dreams. They will become the favorite of Fortune, happiness will accompany them until their death.",
        "rate": 0
      },
      {
        "cat_ru": "Питание",
        "note_ru": "Будет хорошо, если вы ограничите себя в пище, особенно грубой. Возможно голодание.",
        "cat_en": "Nutrition",
        "note_en": "It will be good if you limit yourself to food, especially coarse food. Fasting is possible.",
        "rate": 0
      },
      {
        "cat_ru": "Здоровье",
        "note_ru": "Заболевшему обычно угрожает серьезная опасность, если не будет оказана врачебная помощь.",
        "cat_en": "Health",
        "note_en": "The patient is usually in serious danger if medical attention is not provided.",
        "rate": 0
      },
      {
        "cat_ru": "Стрижка волос",
        "note_ru": "Стрижка волос увеличит глазное давление и приведет к ухудшению зрения. В результате стрижки могут обострятся глазные болезни, вероятны воспаления, появление ячменей.",
        "cat_en": "Haircut",
        "note_en": "Cutting your hair will increase eye pressure and impair your eyesight. As a result of haircuts, eye diseases may worsen, inflammation, and the appearance of barley are likely.",
        "rate": 1
      },
      {
        "cat_ru": "Характеристика четвёртой четверти",
        "note_ru": "Время убывающей Луны, отлива, предназначено для подведения итогов и формулировки организационных выводов прошедшего этапа растущей Луны. В этот момент можно проанализировать, что получилось, а что мешает дальнейшему развитию, рассмотреть новые идеи и поработать над ними, подсчитать прибыль и подвести баланс того, что осталось после прилива. В этот период свойственен спад жизненной энергии, биоритмов, иммунитета. Возможны нервно-психические изменения и нарушения циркуляции жидкости в организме. Физическая нагрузка должна быть умеренной вплоть до уменьшения перед новолунием, больше ходите, меньше сидите. Очень эффективны прохладные ванночки для ног. Рекомендуется прохладное обливание: вначале струю на ступни ног, далее вверх до головы. За 2—3 дня до новолуния снижены резервы здоровья (особенно мужчин), поэтому целесообразно отказаться от плановых оперативных вмешательств. Исключите алкоголь, секс, жаренную и мясную пищу. Вторая и четвертая фазы Луны - лучшие периоды для голодания. Не перегружайте себя значительным употреблением жидкости и пищи. Особенно запрещается пища животного происхождения. Желательно меньше есть маслянистой, незнакомой и плохо усваиваемой пищи. Хорошо употреблять янские продукты в последней трети периода, полезны различные специи.",
        "cat_en": "Fourth quarter characteristic",
        "note_en": "The time of the waning moon, low tide, is intended to summarize and formulate the organizational conclusions of the past stage of the waxing moon. At this point, you can analyze what happened and what hinders further development, consider new ideas and work on them, calculate the profit and balance what is left after the tide. This period is characterized by a decline in vital energy, biorhythms, immunity. Neuropsychic changes and disturbances in the circulation of fluid in the body are possible. Physical activity should be moderate, up to a decrease before the new moon, walk more, sit less. Cool foot baths are very effective. Cool dousing is recommended: first, spray onto the feet, then up to the head. 2-3 days before the new moon reduced health reserves (especially men), so it is advisable to abandon planned surgical interventions. Eliminate alcohol, sex, fried and meat foods. The second and fourth phases of the moon are the best periods for fasting. Do not overwhelm yourself with significant fluid and food intake. Food of animal origin is especially prohibited. It is advisable to eat less oily, unfamiliar and poorly digestible foods. It is good to use yang products in the last third of the period, various spices are useful.",
        "rate": 0
      }
    ]
  }
]