[
   {
      "filetype":"local",
      "num": "3",
      "data":[
         {
            "title_ru": "Активный день",
            "cat_ru":"Общие сведения",
            "note_ru":"Встаньте пораньше. Не жалейте энергию. Пассивность противопоказана и даже опасна. Сконцентрируйтесь на своей цели. Потраченная сегодня на нужное дело энергия вернётся сторицей. \n\nЭто период борьбы, напора и агрессии, астрального воина, закованного в броню. Все пассивные люди в третий день Луны уязвимы, так как на них производятся различные астральные нападения. Человек, если он не борец, просто квасит в себе энергию, становится мнительным, подозрительным и коварным. \n\nСледует концентрировать и использовать свою энергию для самозащиты. Очень хорошо проходят спортивные тренировки. Особенно это касается разного рода единоборств - лучший день для занятий воинскими искусствами. В этот день работают с металлами, точат ножи, в древности отливали серебряные вещи.",
            "title_en": "Active day",
            "cat_en":"General information",
            "note_en":"Active day <br> Get up early. Do not spare energy. Passivity is contraindicated and even dangerous. Concentrate on your goal. The energy spent today on the right thing will return a hundredfold. \n\nThis is the period of struggle, pressure and aggression, an astral warrior, clad in armor. All passive people on the third day of the moon are vulnerable, since various astral attacks are made on them. A person, if he is not a fighter, simply sauces energy in himself, becomes suspicious, suspicious and insidious. \n\nYou should concentrate and use your energy for self-defense. Sports training is going very well. This is especially true of all kinds of martial arts - the best day for practicing martial arts. On this day, they work with metals, sharpen knives, in ancient times they cast silver things.",
            "rate":5
         },
         {
            "cat_ru":"Сны",
            "note_ru":"Сны не имеют значения - в этот день они редко сбываются, но могут стать своеобразной проверкой ваших сил. Например, вам придется с кем-то бороться - справитесь, или сдадитесь на милость победителя? Если во сне вы вдруг спасовали - не беда: проснувшись, проиграйте сон заново в своем воображении так, чтобы у него был желательный для вас конец.",
            "cat_en":"Dreams",
            "note_en":"Dreams do not matter - on this day they rarely come true, but they can become a kind of test of your strength. For example, you have to fight with someone - will you cope, or will you surrender to the mercy of the winner? If in a dream you suddenly gave up, it doesn't matter: after waking up, replay the dream in your imagination so that it has the desired end for you.",
            "rate":0
         },
         {
            "cat_ru":"Новые дела",
            "note_ru":"Нового ничего не предпринимайте.",
            "cat_en":"New cases",
            "note_en":"Do nothing new.",
            "rate":2
         },
         {
            "cat_ru":"Принятие решений",
            "note_ru":"Сконцентрируйтесь на своей цели.",
            "cat_en":"Making decisions",
            "note_en":"Concentrate on your goal.",
            "rate":4
         },
         {
            "cat_ru":"Бизнес",
            "note_ru":"Лучше не заниматься делами, возможны потери.",
            "cat_en":"Business",
            "note_en":"Better not to do business, losses are possible.",
            "rate":2
         },
         {
            "cat_ru":"Деньги",
            "note_ru":"Лучше держаться от финансовых вопросов подальше.",
            "cat_en":"Money",
            "note_en":"Better to stay away from financial matters.",
            "rate":2
         },
         {
            "cat_ru":"Недвижимость",
            "note_ru":"Не подходит для операций с недвижимостью.",
            "cat_en":"Real estate",
            "note_en":"Not suitable for real estate transactions.",
            "rate":1
         },
         {
            "cat_ru":"Торговля",
            "note_ru":"Лучше не заниматься.",
            "cat_en":"Trade",
            "note_en":"Better not to practice.",
            "rate":2
         },
         {
            "cat_ru":"Судебные дела",
            "note_ru":"Споры сегодня неуместны.",
            "cat_en":"Court cases",
            "note_en":"Disputes are irrelevant today.",
            "rate":1
         },
         {
            "cat_ru":"Учёба",
            "note_ru":"Обучение обычно продвигается с большим трудом.",
            "cat_en":"Studies",
            "note_en":"Training is usually difficult to advance.",
            "rate":3
         },
         {
            "cat_ru":"Общение с начальством",
            "note_ru":"Лучше держаться от начальства подальше.",
            "cat_en":"Communication with superiors",
            "note_en":"Better to stay away from your boss.",
            "rate":2
         },
         {
            "cat_ru":"Смена работы",
            "note_ru":"Один из худших лунных дней для смены рода деятельности.",
            "cat_en":"Job change",
            "note_en":"One of the worst lunar days for a change of occupation.",
            "rate":5
         },
         {
            "cat_ru":"Путешествия",
            "note_ru":"Луна очень не благоприятствует путешественникам.",
            "cat_en":"Trips",
            "note_en":"The moon is not very favorable for travelers.",
            "rate":1
         },
         {
            "cat_ru":"Переезд",
            "note_ru":"Переезд лучше перенести на другой день.",
            "cat_en":"Moving",
            "note_en":"It is better to postpone the move to another day.",
            "rate":2
         },
         {
            "cat_ru":"Секс",
            "note_ru":"Хорошо подходит для интимной близости.",
            "cat_en":"Sex",
            "note_en":"Well suited for intimacy.",
            "rate":4
         },
         {
            "cat_ru":"Рождённые в этот день",
            "note_ru":"Могут стать хорошими спортсменами, военными а так же преуспеть в любой области, где нужен напор и решительность.",
            "cat_en":"Born on this day",
            "note_en":"They can become good athletes, the military, as well as excel in any area where pressure and determination are needed.",
            "rate":0
         },
         {
            "cat_ru":"Питание",
            "note_ru":"Можно устраивать небольшие застолья.",
            "cat_en":"Nutrition",
            "note_en":"You can arrange small feasts.",
            "rate":0
         },
         {
            "cat_ru":"Здоровье",
            "note_ru":"Заболевать опасно. Заболевшие поправляются с трудом. Не рекомендуются операции на голове, нельзя удалять зубы, стричь волосы, вредно переутомляться. Рекомендуется баня. Желательно сходить в сауну и попариться. Рекомендуется работа со всеми энергиями биополя.",
            "cat_en":"Health",
            "note_en":"Getting sick is dangerous. The sick recover with difficulty. Operations on the head are not recommended, teeth should not be removed, hair should be cut, it is harmful to overwork. Sauna is recommended. It is advisable to go to the sauna and take a steam bath. It is recommended to work with all energies of the biofield.",
            "rate":0
         },
         {
            "cat_ru":"Стрижка волос",
            "note_ru":"Плохой день для стрижки. Cтрижка волос приведет к принесению вреда для организма и может привлечь к вам растраты.",
            "cat_en":"Haircut",
            "note_en":"Bad day for a haircut. Cutting your hair will be harmful to your body and can attract waste to you.",
            "rate":2
         },
         {
            "cat_ru":"Характеристика первой четверти",
            "note_ru":"Это активное, честолюбивое и напряжённое время. Оно отличается стремительным движением вперёд и стимулом к прогрессу. Возникает атмосфера энергии и энтузиазма. Но при этом возникают проблемы и острые ситуации, разногласия и конфликты. Часто происходят конфликты между мужчинами и женщинами, взрослыми и детьми. Появляется искушение сорить деньгами. Повышается опасность травматизма и аварийность на дорогах из-за неосторожности. Увеличивается подверженность простудным заболеваниям, обостряются хронические заболевания. В это время часто появляется тенденция к чрезмерное оптимизму, поэтому помните, что впоследствии вам придётся расплачиваться за все ошибки, совершённые в это время. Это подходящее время для напряжённой работы без расслабления. Не следует уклоняться от трудных разговоров и неприятных встреч, полезно разрешать конфликты и преодолевать разногласия. Это не время для созерцания, а время действий. Но презентации и рекламные показы стоит отложить. На растущей Луне принято начинать новые дела. Всё, что должно быть введено, строит и укрепляет, имеет двойное воздействие. Чем больше растёт Луна, тем неблагоприятнее могут протекать операции и заживление повреждений. И ещё: например, бельё при том же количестве моющих средств не будет после стирки таким чистым, как при убывающей Луне. Замечено, что при растущей Луне и в полнолуние рождается больше детей.",
            "cat_en":"First quarter characteristics",
            "note_en":"This is an active, ambitious and stressful time. It is distinguished by its rapid movement forward and an incentive to progress. An atmosphere of energy and enthusiasm arises. But at the same time, problems and acute situations, disagreements and conflicts arise. Conflicts often occur between men and women, adults and children. There is a temptation to waste money. The risk of injury and road accidents increases due to negligence. The susceptibility to colds increases, chronic diseases are exacerbated. At this time, there is often a tendency to be overly optimistic, so remember that later you will have to pay for all the mistakes made during this time. This is the right time for strenuous work without relaxation. You should not shy away from difficult conversations and unpleasant encounters, it is useful to resolve conflicts and overcome differences. This is not a time for contemplation, but a time for action. But presentations and ad impressions should be postponed. On the growing moon, it is customary to start new business. Anything that needs to be introduced, builds and strengthens, has a double effect. The more the moon grows, the more unfavorable operations and healing of injuries can proceed. And one more thing: for example, laundry with the same amount of detergents will not be as clean after washing as during the waning moon. It is noticed that with the growing moon and at full moon more children are born.",
            "rate":0
         }
      ]
   }
]
