[
  {
    "filetype": "local",
    "num": "7",
    "data": [
      {
        "title_ru":"Активный и удачный день для всех честных людей",
        "cat_ru": "Общие сведения",
        "note_ru": "Энергия организма продожает расти, ее уже достаточно для начала активных действий. Это время взрослости  организма, когда и сил уже достаточно, и усталость еще не ощущается. \n\nВ это время начатые дела хорошо удаются, появляется вера в свои силы. Это также время большой эмоциональной восприимчивости, в результате чего люди испытывают потребость в эмоциональном контакте. \n\nВ это время особенно болезненно воспринимается равнодушие и душевный холод. День молитвы и работы со словом, со стихиями, с духами природы. Если вы не умеете работать со словом, лучше помолчать. В этот день природа очень чутко откликается на каждое, даже случайно произнесенное вслух слово. А потому не следует попусту болтать, и вообще надо быть очень осторожными со словами – все, сказанное вслух, может претвориться в жизнь. Следует выполнять асаны на руках, учиться говорить, освобождаясь от грязных слов (слов-паразитов). Нельзя лгать. \n\nЖелательно, чтобы в этот день были какие-нибудь приключения. День заботы о книгах и записях.",
        "title_en": "An active and successful day for all honest people",
        "cat_en": "General information",
        "note_en": "The energy of the body continues to grow, it is already enough to start active actions. This is the time of the organism's maturity, when there is already enough strength, and fatigue is not yet felt. \n\nAt this time, the work started is good, there is faith in oneself. It is also a time of great emotional sensitivity, as a result of which people feel the need for emotional contact. \n\nAt this time, indifference and mental cold are especially painful. Day of prayer and work with the word, with the elements, with the spirits of nature. If you don't know how to work with words, it is better to be silent. On this day, nature very sensitively responds to every word, even accidentally spoken aloud. Therefore, one should not chat in vain, and in general one must be very careful with words - everything said aloud can be realized. You should perform asanas on your hands, learn to speak, getting rid of dirty words (words-parasites). You can't lie. \n\nIt is advisable that there are some adventures on this day. Day of taking care of books and records.",
        "rate": 4
      },
      {
        "cat_ru": "Сны",
        "note_ru": "Сны очень часто несут полезную информацию, бывают вещими. Очень плохо увидеть во сне боевого петуха - это может быть знаком быстрой катастрофы для человека или его близких - будьте предельно осторожны.",
        "cat_en": "Dreams",
        "note_en": "Dreams very often carry useful information, they are prophetic. It is very bad to see a fighting rooster in a dream - this may be a sign of a quick disaster for a person or his loved ones - be extremely careful.",
        "rate": 0
      },
      {
        "cat_ru": "Новые дела",
        "note_ru": "День предпочтителен только для таких начинаний и дел, которые можно быстро закончить не откладывая на другой день. Дел, которые могут затянуться, лучше избегать. Хорошо реализуются лишь идеи, возникшие накануне.",
        "cat_en": "New cases",
        "note_en": "The day is preferable only for such undertakings and deeds that can be completed quickly without delaying for another day. It is best to avoid cases that can be delayed. Only the ideas that have arisen the day before are being well implemented.",
        "rate": 4
      },
      {
        "cat_ru": "Принятие решений",
        "note_ru": "Решение важных вопросов лучше перенести.",
        "cat_en": "Making decisions",
        "note_en": "It is better to postpone the decision of important issues.",
        "rate": 2
      },
      {
        "cat_ru": "Бизнес",
        "note_ru": "Можно заниматься делами.",
        "cat_en": "Business",
        "note_en": "You can do business.",
        "rate": 3
      },
      {
        "cat_ru": "Деньги",
        "note_ru": "Можно проводить не очень серьёзные финансовые операции.",
        "cat_en": "Money",
        "note_en": "You can carry out not very serious financial transactions.",
        "rate": 3
      },
      {
        "cat_ru": "Недвижимость",
        "note_ru": "Если нет спешки, операции с недвижимостью перенесите на более благоприятный день.",
        "cat_en": "Real estate",
        "note_en": "If there is no rush, move your real estate transactions to a more favorable day.",
        "rate": 2
      },
      {
        "cat_ru": "Торговля",
        "note_ru": "Хорошо покупать вещи.",
        "cat_en": "Trade",
        "note_en": "It's good to buy things.",
        "rate": 4
      },
      {
        "cat_ru": "Судебные дела",
        "note_ru": "Нейтральный день для судебных дел.",
        "cat_en": "Court cases",
        "note_en": "A neutral day for court cases.",
        "rate": 3
      },
      {
        "cat_ru": "Учёба",
        "note_ru": "Идеален для обучения и сдачи экзаменов.",
        "cat_en": "Studies",
        "note_en": "Ideal for study and exams.",
        "rate": 5
      },
      {
        "cat_ru": "Общение с начальством",
        "note_ru": "В этот день неплохо иметь дело с начальством и высокопоставленными государственными чиновниками: все проблемы могут разрешиться благополучно.",
        "cat_en": "Communication with superiors",
        "note_en": "On this day, it is not bad to deal with the bosses and high-ranking government officials: all problems can be resolved safely.",
        "rate": 4
      },
      {
        "cat_ru": "Смена работы",
        "note_ru": "Лучше перенести смену места работы на другой лунный день.",
        "cat_en": "Job change",
        "note_en": "Better to postpone the change of job to another lunar day.",
        "rate": 2
      },
      {
        "cat_ru": "Путешествия",
        "note_ru": "Можно совершать небольшие путешествия, крупные лучше отложить.",
        "cat_en": "Trips",
        "note_en": "You can make small trips, it is better to postpone large ones.",
        "rate": 3
      },
      {
        "cat_ru": "Переезд",
        "note_ru": "Можно переезжать.",
        "cat_en": "Moving",
        "note_en": "You can move.",
        "rate": 3
      },
      {
        "cat_ru": "Секс",
        "note_ru": "Лучше знать меру в сексе.",
        "cat_en": "Sex",
        "note_en": "Better to know when to stop in sex.",
        "rate": 3
      },
      {
        "cat_ru": "Рождённые в этот день",
        "note_ru": "Будут обладать крепким здоровьем. Это люди флюгеры, поверхностные и неуемные собиратели сплетен. Вырастают хорошими ораторами, общественными деятелями.",
        "cat_en": "Born on this day",
        "note_en": "They will be in good health. These people are weathercocks, superficial and irrepressible gossip collectors. They grow up to be good orators, public figures.",
        "rate": 5
      },
      {
        "cat_ru": "Питание",
        "note_ru": "Можно устраивать небольшие застолья, но можно и поголодать, очистить не только душу, но и тело.",
        "cat_en": "Nutrition",
        "note_en": "You can arrange small feasts, but you can also starve, cleanse not only the soul, but also the body.",
        "rate": 0
      },
      {
        "cat_ru": "Здоровье",
        "note_ru": "Болезни этого дня обычно легко излечимы. Нужно обратить внимание на лёгкие, так как в этот день можно легко простудиться. День удачен для всякого рода хирургических вмешательств. В эту фазу луны можно приступать к очистительным мероприятиям. Это наиболее подходящее время для очистки печени и других внутренних оганов. Процедуры общего очищения организма хороши при хронической усталости и ослаблении иммунитета. День неблагоприятен для удаления зубов. Хорошо готовить лекарственные препараты.",
        "cat_en": "Health",
        "note_en": "The illnesses of this day are usually easily curable. You need to pay attention to the lungs, as on this day you can easily catch a cold. The day is good for all kinds of surgical interventions. In this phase of the moon, you can start cleansing activities. This is the best time to cleanse the liver and other internal organs. General body cleansing procedures are good for chronic fatigue and weakening of the immune system. The day is unfavorable for tooth extraction. It is good to prepare medicines.",
        "rate": 0
      },
      {
        "cat_ru": "Стрижка волос",
        "note_ru": "Плохой день для стрижки. Cтрижка волос привлечет к вам ссоры и тяжбы, вы можете поконфликтовать с начальником. Существует угроза конфликта с любимым человеком. Сжигающий день по тибетскому календарю, день, когда стрижка волос серьезно ухудшит состояние вашего здоровья.",
        "cat_en": "Haircut",
        "note_en": "Bad day for a haircut. Cutting your hair will attract quarrels and lawsuits to you, you can conflict with your boss. There is a threat of conflict with a loved one. Burning day according to the Tibetan calendar, the day when cutting your hair will seriously worsen your health.",
        "rate": 1
      },
      {
        "cat_ru": "Характеристика первой четверти",
        "note_ru": "Это активное, честолюбивое и напряжённое время. Оно отличается стремительным движением вперёд и стимулом к прогрессу. Возникает атмосфера энергии и энтузиазма. Но при этом возникают проблемы и острые ситуации, разногласия и конфликты. Часто происходят конфликты между мужчинами и женщинами, взрослыми и детьми. Появляется искушение сорить деньгами. Повышается опасность травматизма и аварийность на дорогах из-за неосторожности. Увеличивается подверженность простудным заболеваниям, обостряются хронические заболевания. В это время часто появляется тенденция к чрезмерноме оптимизму, поэтому помните, что впоследствии вам придётся расплачиваться за все ошибки, совершённые в это время. Это подходящее время для напряжённой работы без расслабления. Не следует уклоняться от трудных разговоров и неприятных встреч, полезно разрешать конфликты и преодолевать разногласия. Это не время для созерцания, а время действий. Но презентации и рекламные показы стоит отложить. На растущей Луне принято начинать новые дела. Всё, что должно быть введено, строит и укрепляет, имеет двойное воздействие. Чем больше растёт Луна, тем неблагоприятнее могут протекать операции и заживление повреждений. И ещё: например, бельё при том же количестве моющих средств не будет после стирки таким чистым, как при убывающей Луне. Замечено, что при растущей Луне и в полнолуние рождается больше детей.",
        "cat_en": "First quarter characteristics",
        "note_en": "This is an active, ambitious and stressful time. It is distinguished by its rapid movement forward and an incentive to progress. An atmosphere of energy and enthusiasm arises. But at the same time, problems and acute situations, disagreements and conflicts arise. Conflicts often occur between men and women, adults and children. There is a temptation to waste money. The risk of injury and road accidents increases due to negligence. The susceptibility to colds increases, chronic diseases are exacerbated. During this time, there is often a tendency to be overly optimistic, so remember that later you will have to pay for all the mistakes made during this time. This is the right time for strenuous work without relaxation. You should not shy away from difficult conversations and unpleasant encounters, it is useful to resolve conflicts and overcome differences. This is not a time for contemplation, but a time for action. But presentations and ad impressions should be postponed. On the growing moon, it is customary to start new business. Anything that needs to be introduced, builds and strengthens, has a double effect. The more the moon grows, the more unfavorable operations and healing of injuries can proceed. And one more thing: for example, laundry with the same amount of detergents will not be as clean after washing as during the waning moon. It is noticed that with the growing moon and at full moon more children are born.",
        "rate": 0
      }
    ]
  }
]
