[
  {
    "filetype": "local",
    "num": "12",
    "data": [
      {
	    "title_ru": "День милосердия и сострадания, включения космической энергии любви",
        "cat_ru": "Общие сведения",
        "note_ru": "Очень спокойный и мудрый день. Энергетика располагает делать добро ближним. Рекомендуется дарить подарки, подавать милостыню, особенно, если вас об этом просят. Тот, кто в этот день не будет милостив, может и сам лишиться милости. День молитв, уединения, внимательности к самому себе, успокоения, победы мудрости над умом и чувствами. Не следует жалеть себя, жаловаться и плакать – в этом состоянии можно застрять надолго. С одной стороны, включается любовь человека к Богу, как источнику единого, из которого он когда-то вышел, с другой стороны - любовь Бога к своему творению. Это один из дней, когда молитвы сбываются. Хорошо в двенадцатый день получить откровение. Период визуальных астральных образов, сосредоточения на воде, очищения мыслей. Почувствуйте своё место в мире, связь со вселенной. Если это получится, можно внутренне просить о чём угодно. Мир непременно ответит.",
	    "title_en": "A day of mercy and compassion, the inclusion of the cosmic energy of love.",
        "cat_en": "General information",
        "note_en": "A very calm and wise day. Energy disposes to do good to others. It is recommended to give gifts, give alms, especially if asked to do so. Anyone who is not merciful on this day may lose mercy himself. A day of prayers, solitude, mindfulness to oneself, tranquility, the victory of wisdom over mind and feelings. You should not feel sorry for yourself, complain and cry - you can get stuck in this state for a long time. On the one hand, man's love for God is turned on, as the source of the one, from which he once emerged, on the other hand, the love of God for his creation. This is one of the days when prayers come true. It is good to receive revelation on the twelfth day. Period of visual astral images, concentration on water, purification of thoughts. Feel your place in the world, a connection with the universe. If this works out, you can ask for anything internally. The world will certainly answer.",
        "rate": 3
      },
      {
        "cat_ru": "Сны",
        "note_ru": "Сны могут быть мучительными, тяжелыми, страшными, но ничего не бойтесь. Это провокации этого лунного дня. Поутру все развеется без следа. Сны вещие, почти все исполняются, особенно цветные.",
        "cat_en": "Dreams",
        "note_en": "Dreams can be painful, difficult, scary, but do not be afraid of anything. These are provocations of this lunar day. In the morning everything will scatter without a trace. Prophetic dreams, almost all are fulfilled, especially colored ones.",
        "rate": 3
      },
      {
        "cat_ru": "Новые дела",
        "note_ru": "Не следует начинать новые дела - получите обратный результат.",
        "cat_en": "New cases",
        "note_en": "You should not start new business - get the opposite result.",
        "rate": 2
      },
      {
        "cat_ru": "Принятие решений",
        "note_ru": "Ничего не предпринимайте.",
        "cat_en": "Making decisions",
        "note_en": "Do nothing.",
        "rate": 1
      },
      {
        "cat_ru": "Бизнес",
        "note_ru": "Крайне неблагоприятный день для бизнеса.",
        "cat_en": "Business",
        "note_en": "An extremely unfavorable day for business.",
        "rate": 1
      },
      {
        "cat_ru": "Деньги",
        "note_ru": "Плох для обогащения, азартных игр и т.д. Лучше держаться от финансовых вопросов подальше.",
        "cat_en": "Money",
        "note_en": "Bad for enrichment, gambling, etc. Better to stay away from financial matters.",
        "rate": 2
      },
      {
        "cat_ru": "Недвижимость",
        "note_ru": "Заниматься недвижимостью не стоит.",
        "cat_en": "Real estate",
        "note_en": "Do not deal with real estate.",
        "rate": 2
      },
      {
        "cat_ru": "Торговля",
        "note_ru": "Неблагоприятный день для торговли.",
        "cat_en": "Trade",
        "note_en": "Bad day for trading.",
        "rate": 2
      },
      {
        "cat_ru": "Судебные дела",
        "note_ru": "Перенесите выяснение отношений на другой день.",
        "cat_en": "Court cases",
        "note_en": "Reschedule the showdown to another day.",
        "rate": 2
      },
      {
        "cat_ru": "Учёба",
        "note_ru": "Обучение по возможности лучше отложить.",
        "cat_en": "Studies",
        "note_en": "It is better to postpone training if possible.",
        "rate": 2
      },
      {
        "cat_ru": "Общение с начальством",
        "note_ru": "Лучше в это время держаться от начальства подальше.",
        "cat_en": "Communication with superiors",
        "note_en": "Better at this time to stay away from the authorities.",
        "rate": 2
      },
      {
        "cat_ru": "Смена работы",
        "note_ru": "Один из худших лунных дней для смены рода деятельности.",
        "cat_en": "Job change",
        "note_en": "One of the worst lunar days for a change of occupation.",
        "rate": 1
      },
      {
        "cat_ru": "Путешествия",
        "note_ru": "Луна не способствует путешественникам.",
        "cat_en": "Trips",
        "note_en": "The moon is not conducive to travelers.",
        "rate": 2
      },
      {
        "cat_ru": "Переезд",
        "note_ru": "Неподходящее время для переезда.",
        "cat_en": "Moving",
        "note_en": "Not a good time to move.",
        "rate": 2
      },
      {
        "cat_ru": "Секс",
        "note_ru": "Лучше знать меру в сексе.",
        "cat_en": "Sex",
        "note_en": "Better to know when to stop in sex.",
        "rate": 3
      },
      {
        "cat_ru": "Рождённые в этот день",
        "note_ru": "В этот лунный день рождаются милостивые, часто очень добрые люди. На их долю может выпасть немало страданий. Но так же им даны силы пройти через них. Впоследствии могут хромать или из-за врожденного физического недостатка, или в результате несчастного случая, или из-за перенесенной болезни.",
        "cat_en": "Born on this day",
        "note_en": "On this lunar day, merciful, often very kind people are born. A lot of suffering can fall to their lot. But they are also given the strength to pass through them. Subsequently, they may limp either due to a congenital physical disability, or as a result of an accident, or due to an illness.",
        "rate": 0
      },
      {
        "cat_ru": "Питание",
        "note_ru": "Воздержитесь от переедания. Старайтесь употреблять поменьше грубой пищи и пить больше воды. Рекомендуются также соки (кроме яблочного – символа обогащения).",
        "cat_en": "Nutrition",
        "note_en": "Refrain from overeating. Try to eat less rough food and drink more water. Juices are also recommended (except for apple - a symbol of enrichment).",
        "rate": 0
      },
      {
        "cat_ru": "Здоровье",
        "note_ru": "Болезни, случившиеся в этот день, могут стать очень опасными. Очень хороший день для начала лечения, очищения верхних дыхательных путей, сердца и легких. Хорошо сходить к источнику, искупаться в реке, так как вода в этот день обладает сильными очистительными свойствами. Показана сокотерапия. Хорошо применять лекарства, а также косметические средства.",
        "cat_en": "Health",
        "note_en": "Illnesses that happened on this day can become very dangerous. A very good day to start treatment, to clear the upper respiratory tract, heart and lungs. It is good to go to the source, swim in the river, as the water on this day has strong cleansing properties. Juice therapy is shown. It is good to use medicines as well as cosmetics.",
        "rate": 0
      },
      {
        "cat_ru": "Стрижка волос",
        "note_ru": "Cтричь волосы нельзя - привлекаются несчастья, травмы и повышается вероятность угрозы для жизни.",
        "cat_en": "Haircut",
        "note_en": "You cannot cut your hair - misfortunes, injuries are attracted and the likelihood of a threat to life increases.",
        "rate": 1
      },
      {
        "cat_ru": "Характеристика второй четверти",
        "note_ru": "Возможны острые заболевания, стрессы, ограничьте прием лекарств, полностью исключите алкоголь. Нервная система наиболее напряжена и раздражима, в связи с этим желательно не ходить без головного убора и не спать под прямым лунным светом. Меньше физических нагрузок — от средней нагрузки и к полнолунию — малой. Для людей полных необходимы теплые ванны, а для худощавых хороши горячие ванны и парная на 9 и 10-й лунные дни. Рекомендуются прохладные и холодные обливания в начале периода умеренно и в конце периода усиленно (сначала на ступни ног и далее вверх до головы). За сутки до полнолуния и в полнолуние желательно отказаться от проведения хирургических вмешательств. Хирургические операции сопровождаются в полнолуние значительными кровопотерями. Инфекционные заболевания бактериальной природы часто начинаются утром, в полнолуние. Полнолуние — травмоопасный период, случаются частые отравления, обостряется сексуальная чувствительность, уход энергии от мужчины к женщине, действие лекарственных средств выражено максимально — отмечается 100-процентное усвоение лекарственных, наркотических средств, алкоголя, сильнее проявляется их побочное действие, рекомендуется меньше делать энергетических потерь, нежелательны танцы и прыжки. Очень осторожно принимать лекарственные средства. Празднества и свадьбы нежелательны. Очистительные процедуры во II-й фазе наиболее благоприятны. В первой трети периода (8, 9, 10-й лунные дни), особенно в 9-й хорошо проводить очищение от шлаков. Во второй трети п",
        "cat_en": "Second quarter characteristic",
        "note_en": "Possible acute illness, stress, limit medication, completely exclude alcohol. The nervous system is the most tense and irritable, in this regard, it is advisable not to go without a headdress and not sleep under direct moonlight. Less physical activity - from medium load and to the full moon - small. For overweight people, warm baths are needed, and for thin people, hot baths and a steam room on the 9th and 10th lunar days are good. Cool and cold douches are recommended at the beginning of the period moderately and at the end of the period intensely (first on the feet and then up to the head). The day before the full moon and on the full moon, it is advisable to refuse surgical interventions. Surgical operations are accompanied by significant blood loss during the full moon. Infectious diseases of a bacterial nature often begin in the morning, on a full moon. The full moon is a traumatic period, frequent poisoning occurs, sexual sensitivity is aggravated, energy leaves a man to a woman, the effect of drugs is expressed as much as possible - there is a 100% absorption of drugs, drugs, alcohol, their side effects are more pronounced, it is recommended to make less energy losses, dancing and jumping are undesirable. Take medicines very carefully. Celebrations and weddings are not desirable. Cleaning procedures in the II-nd phase are the most favorable. In the first third of the period (8, 9, 10 lunar days), especially in the 9th, it is good to carry out cleansing from toxins. In the second third of p",
        "rate": 0
      }
    ]
  }
]
