[
  {
    "filetype": "local",
    "num": "20",
    "data": [
      {
        "title_ru": "День победы над собой",
        "cat_ru": "Общие сведения",
        "note_ru": "Это день освобождения от любого груза, преодоления сомнений, познания космического закона, духовного роста. День освобождения от любых долгов или тяжелых состояний. Легко, отбросив все сомнения, принять наконец, важное решение и совершить важный поступок - и таким образом подняться в развитии на более высокую ступень. Не сомневайтесь, берите барьер! Наилучший день для голодания и духовного прозрения. Лучше быть дома, заниматься хозяйственными делами, семьей, традициями. Можно изучать священные тексты. Опасности двадцатого дня: гордыня, высокомерие, брюзгливость.",
        "title_en": "The day of victory over oneself",
        "cat_en": "General information",
        "note_en": "This is the day of liberation from any burden, overcoming doubts, cognition of the cosmic law, spiritual growth. Day of release from any debts or difficult conditions. It is easy, dropping all doubts, to finally make an important decision and commit an important act - and thus rise in development to a higher level. Do not hesitate, take the barrier! The best day for fasting and spiritual enlightenment. Better to be at home, to do household chores, family, traditions. You can study sacred texts. Dangers of the twentieth day: pride, arrogance, grumpiness.",
        "rate": 4
      },
      {
        "cat_ru": "Сны",
        "note_ru": "В эти лунные сутки вы можете заказать сон по своему желанию. Например, отправиться во сне туда, где хочется побывать. Можете попробовать присниться кому-нибудь - в этот день есть шанс войти в чужой сон. Возможно решение проблем, посредством сна, выход в тонкие миры.",
        "cat_en": "Dreams",
        "note_en": "On these lunar days, you can order a dream as you wish. For example, go in a dream where you want to go. You can try to dream of someone - on this day there is a chance to enter someone else's dream. Problem solving is possible through sleep, access to the subtle worlds.",
        "rate": 5
      },
      {
        "cat_ru": "Новые дела",
        "note_ru": "Рекомендуется начинать любые дела и предприятия, ибо все предпринятое будет иметь успех и принесет удачу. Благоприятен, особенно для целеустремленных, идейно сильных людей. День лидеров и ораторов.",
        "cat_en": "New cases",
        "note_en": "It is recommended to start any business and enterprise, for everything undertaken will be successful and bring good luck. Favorable, especially for purposeful, ideologically strong people. Day of Leaders and Speakers.",
        "rate": 5
      },
      {
        "cat_ru": "Принятие решений",
        "note_ru": "Подходит практически для всех дел.",
        "cat_en": "Making decisions",
        "note_en": "Suitable for almost any business.",
        "rate": 4
      },
      {
        "cat_ru": "Бизнес",
        "note_ru": "Удачный день, счастлив для всего, кроме рутины, необходимых дел.",
        "cat_en": "Business",
        "note_en": "Good day, happy for everything except routine, necessary things.",
        "rate": 5
      },
      {
        "cat_ru": "Деньги",
        "note_ru": "Отлично подходит для любых операций.",
        "cat_en": "Money",
        "note_en": "Excellent suitable for any operation.",
        "rate": 5
      },
      {
        "cat_ru": "Недвижимость",
        "note_ru": "Отлично подходит для любых операций с недвижимостью.",
        "cat_en": "Real estate",
        "note_en": "Great for any real estate business.",
        "rate": 5
      },
      {
        "cat_ru": "Торговля",
        "note_ru": "Подходит практически для всех дел.",
        "cat_en": "Trade",
        "note_en": "Suitable for almost any business.",
        "rate": 4
      },
      {
        "cat_ru": "Судебные дела",
        "note_ru": "Перенесите выяснение отношений на другой день.",
        "cat_en": "Court cases",
        "note_en": "Reschedule the showdown to another day.",
        "rate": 2
      },
      {
        "cat_ru": "Учёба",
        "note_ru": "Очень хорошо обучаться или сдавать экзамены.",
        "cat_en": "Studies",
        "note_en": "Very good at studying or passing exams.",
        "rate": 5
      },
      {
        "cat_ru": "Общение с начальством",
        "note_ru": "Удачен для общения с начальством.",
        "cat_en": "Communication with superiors",
        "note_en": "Successful for communication with superiors.",
        "rate": 4
      },
      {
        "cat_ru": "Смена работы",
        "note_ru": "Очень благоприятный день для перемены места работы.",
        "cat_en": "Job change",
        "note_en": "A very auspicious day for changing jobs.",
        "rate": 5
      },
      {
        "cat_ru": "Путешествия",
        "note_ru": "Луна содействует всем путешественникам.",
        "cat_en": "Trips",
        "note_en": "The moon favors all travelers.",
        "rate": 4
      },
      {
        "cat_ru": "Переезд",
        "note_ru": "День благоприятен для переездов.",
        "cat_en": "Moving",
        "note_en": "The day is favorable for travel.",
        "rate": 4
      },
      {
        "cat_ru": "Секс",
        "note_ru": "Лучше знать меру в сексе.",
        "cat_en": "Sex",
        "note_en": "Better to know when to stop in sex.",
        "rate": 3
      },
      {
        "cat_ru": "Рождённые в этот день",
        "note_ru": "Весьма горды и неприступны. Иногда лжеавторитеты. Живут в постоянном ожидании полета, очень склонны к астральным путешествиям. Лучшие люди этого дня - подвижники, жертвующие собой ради дела. На низком уровне судьба награждает родившихся в эти сутки злым и неуступчивым характером, с которым родителям приходится бороться уже с пеленок. Такие люди становятся лжеучителями, диктаторами, но часто это творческие люди. Они имеют тенденцию возвышаться над окружающими, как в хорошем, так и в плохом смысле.",
        "cat_en": "Born on this day",
        "note_en": "They are very proud and unapproachable. Sometimes false authorities. They live in constant anticipation of a flight, they are very prone to astral travel. The best people of this day are ascetics who sacrifice themselves for the cause. At a low level, fate rewards those born on this day with an evil and unyielding character, with which parents have to fight already from the cradle. Such people become false teachers, dictators, but often they are creative people. They tend to dominate those around them, in both good and bad ways.",
        "rate": 0
      },
      {
        "cat_ru": "Питание",
        "note_ru": "Лучше воздержаться от переедания. Лучше не есть мясо.",
        "cat_en": "Nutrition",
        "note_en": "Better to refrain from overeating. Better not to eat meat.",
        "rate": 3
      },
      {
        "cat_ru": "Здоровье",
        "note_ru": "Болезнь, начавшаяся в этот день, может затянуться на весьма продолжительный срок. Проблематичные болезни редки, однако в этот день случается большое количество травм. Запрещено напрягать зрение. Не стоит лечить экстрасенсорно - можно легко истощиться, отдать много энергии.",
        "cat_en": "Health",
        "note_en": "A disease that began on this day can drag on for a very long time. Problematic illnesses are rare, but a large number of injuries occur on this day. It is forbidden to strain your eyes. It is not necessary to treat psychologically - you can easily be exhausted, give a lot of energy.",
        "rate": 0
      },
      {
        "cat_ru": "Стрижка волос",
        "note_ru": "Стрижка в это время замедляет рост волос - в это время лучше делать эпиляцию.",
        "cat_en": "Haircut",
        "note_en": "The moon is now in Pisces. Cutting at this time slows down hair growth - at this time it is better to epilate.",
        "rate": 3
      },
      {
        "cat_ru": "Характеристика третьей четверти",
        "note_ru": "Возможны нарушения деятельности органов пищеварения, будьте особенно внимательны к своему здоровью, старайтесь в это время не заболеть. Проявляется повышенная половая активность. Энергии много, и она может расходоваться на созидание нового, самосовершенствование. Этот период можно сравнить с наступление половой зрелости. Человек повзрослел и должен сполна осуществить всё, на что он способен. Организм настроен на активность, на выплеск её изнутри. Мы приобретаем внутреннюю свободу и независимость, а потому способны очень на многое. Не упустите этот момент! Потому что дальше - до новолуния - силы будут убывать. На убывающей Луне нужно заканчивать дела, начатые во время Луны растущей. Операции удаются лучше, чем в другое время, почти все домашние работы спорятся. Если кто-то ест больше, чем в иное время, то не прибавляет так быстро в весе. Этот период благоприятен для посадки подземных овощей и неблагоприятен для окулировки плодовых деревьев. Не стоит употреблять острую, жареную пищу, продукты животного происхождения. Желательно есть янскую пищу, а во второй половине фазы побольше свежей, сочной, водянистой, прохладной пищи. Можно употреблять более грубую пищу, чем в 1-й фазе, но переедать нельзя. Если вы правильно вели себя во время предшествующих фаз луны, в третью фазу задуманные дела удаются как нельзя лучше. Всё, за что ни возьмётесь - получается легко: уборка, тяжелый физический или напряженный умственный труд. Впрочем, не переоцените свои возможности - впереди смена лунны",
        "cat_en": "Third quarter characteristic",
        "note_en": "Disorders of the digestive system are possible, be especially careful about your health, try not to get sick at this time. Increased sexual activity is manifested. There is a lot of energy, and it can be spent on creating something new, self-improvement. This period can be compared to the onset of puberty. A person has matured and must fully implement everything that he is capable of. The body is tuned to activity, to splash it out from within. We acquire inner freedom and independence, and therefore are capable of a lot. Don't miss this moment! Because further - until the new moon - the forces will decrease. On the waning moon, you need to finish the business started during the waxing moon. Operations work better than at other times, almost all household chores are controversial. If someone eats more than at other times, then they do not gain weight as quickly. This period is favorable for planting underground vegetables and unfavorable for budding fruit trees. Do not eat spicy, fried food, animal products. It is advisable to eat Yang food, and in the second half of the phase, more fresh, juicy, watery, cool food. You can eat rougher foods than in the 1st phase, but you should not overeat. If you behaved correctly during the previous phases of the moon, in the third phase, the plans you have planned work out as well as possible. Whatever you undertake is easy: cleaning, hard physical or strenuous mental work. However, do not overestimate your capabilities - the change of the moon is ahead.",
        "rate": 0
      }
    ]
  }
]