[
  {
    "filetype": "local",
    "num": "28",
    "data": [
      {
        "title_ru": "День Солнца",
        "cat_ru": "Общие сведения",
        "note_ru": "Один из самых благоприятных дней лунного месяца. Его энергетика очень гармонична, это очень чистый и светлый день. Ни в коем случае нельзя нарушать эту гармонию своими грубыми действиями. Запрещается рубить деревья, рвать цветы, копать землю, нельзя убивать насекомых. Желательно быть в этот день в приподнятом настроении, контролировать свои эмоции, иметь добрые мысли и намерения. Период постижения высших истин, обретения духовного создания, день созерцания всех чакр и работы с ними. Предназначен для работы во сне и с вещими снами, с астральным телом, его самыми тонкими выходами, с ясновидением. Человек во сне или в процессе медитации познает свои прошлые рождения. День удачен для начинания важных дел и предприятий. Хорошо сажать все полезные растения и сеять добрые мысли. Можно покупать дом, делать ремонт. Воздержитесь от любых энергетических потерь, не перегружайтесь умственно и физически, отдыхайте, сводите в баню, не раздражайтесь. Недружелюбный человек в этот день может заболеть.",
        "title_en": "Sun Day",
        "cat_en": "General information",
        "note_en": "One of the most favorable days of the lunar month. Its energy is very harmonious, it is a very clean and bright day. In no case should this harmony be disturbed by your rude actions. It is forbidden to cut trees, pick flowers, dig the ground, and insects must not be killed. It is advisable to be in high spirits that day, to control your emotions, to have good thoughts and intentions. The period of comprehending the highest truths, gaining a spiritual creation, the day of contemplating all the chakras and working with them. Designed to work in a dream and with prophetic dreams, with the astral body, its most subtle exits, with clairvoyance. A person in a dream or in the process of meditation cognizes his past births. The day is good for starting important business and enterprises. It is good to plant all wholesome plants and sow good thoughts. You can buy a house, make repairs. Refrain from any energy losses, do not overload mentally and physically, rest, take you to the bathhouse, do not get irritated. An unfriendly person can get sick on this day.",
        "rate": 5
      },
      {
        "cat_ru": "Сны",
        "note_ru": "Cны в эти сутки вещие. В них вы можете увидеть свое будущее. Делайте выводы и знайте: сон только предупреждает, а сбудется он или нет - зависит от вас.",
        "cat_en": "Dreams",
        "note_en": "Dreams on this day are prophetic. In them you can see your future. Draw conclusions and know: a dream only warns, and whether it comes true or not depends on you.",
        "rate": 4
      },
      {
        "cat_ru": "Новые дела",
        "note_ru": "Дела, начатые в этот день, обычно удаются.",
        "cat_en": "New cases",
        "note_en": "Things started on this day are usually successful.",
        "rate": 4
      },
      {
        "cat_ru": "Принятие решений",
        "note_ru": "Благотворно для больших дел.",
        "cat_en": "Making decisions",
        "note_en": "Good for big things.",
        "rate": 4
      },
      {
        "cat_ru": "Бизнес",
        "note_ru": "Удачный день для бизнеса. Мудрые советы партнёров смогут предупредить вас о готовящихся неприятностях, а также защитить от недоброжелателей.",
        "cat_en": "Business",
        "note_en": "A good day for business. Wise advice from partners will be able to warn you about upcoming troubles, as well as protect you from ill-wishers.",
        "rate": 5
      },
      {
        "cat_ru": "Деньги",
        "note_ru": "Хорош для решения финансовых вопросов.",
        "cat_en": "Money",
        "note_en": "Good for solving financial issues.",
        "rate": 4
      },
      {
        "cat_ru": "Недвижимость",
        "note_ru": "Можно производить любые операции.",
        "cat_en": "Real estate",
        "note_en": "Any operations can be performed.",
        "rate": 5
      },
      {
        "cat_ru": "Торговля",
        "note_ru": "Хороший день для торговли и для покупок.",
        "cat_en": "Trade",
        "note_en": "Good day for trading and shopping.",
        "rate": 5
      },
      {
        "cat_ru": "Судебные дела",
        "note_ru": "Подходящее время.",
        "cat_en": "Court cases",
        "note_en": "The right time.",
        "rate": 4
      },
      {
        "cat_ru": "Учёба",
        "note_ru": "Можно продолжать обучение, экзамены лучше отложить.",
        "cat_en": "Studies",
        "note_en": "You can continue studying, it is better to postpone exams.",
        "rate": 3
      },
      {
        "cat_ru": "Общение с начальством",
        "note_ru": "Можно обращаться к начальству с мелкими вопросами.",
        "cat_en": "Communication with superiors",
        "note_en": "You can contact your superiors with minor questions.",
        "rate": 3
      },
      {
        "cat_ru": "Смена работы",
        "note_ru": "Благоприятное время для смены работы.",
        "cat_en": "Job change",
        "note_en": "Favorable time for a job change.",
        "rate": 4
      },
      {
        "cat_ru": "Путешествия",
        "note_ru": "Можно совершать небольшие путешествия, дальние лучше отложить.",
        "cat_en": "Trips",
        "note_en": "You can make small trips, it is better to postpone long ones.",
        "rate": 3
      },
      {
        "cat_ru": "Переезд",
        "note_ru": "Переезд лучше отложить.",
        "cat_en": "Moving",
        "note_en": "It is better to postpone the move.",
        "rate": 2
      },
      {
        "cat_ru": "Секс",
        "note_ru": "Умеренно.",
        "cat_en": "Sex",
        "note_en": "Moderately.",
        "rate": 3
      },
      {
        "cat_ru": "Рождённые в этот день",
        "note_ru": "Бывают очень разными. До конца жизни они будут всем обеспечены, хотя и будут неисправимыми лентяями. На низком уровне - они не способны разделять хорошее и плохое. Для них характерны цинизм, отсутствие эмоций, привязанностей. На высшем уровне - это люди с солнцем в крови, альтруисты, к которым тянутся окружающие. Они несут в мир добро и свет. Это люди высоких моральных качеств. Людям, родившимся в этот лунный день, необходимо работать со снами.",
        "cat_en": "Born on this day",
        "note_en": "They are very different. Until the end of their lives, they will be provided for everything, although they will be incorrigible lazy people. At a low level, they are unable to distinguish between good and bad. They are characterized by cynicism, lack of emotions, attachments. At the highest level, these are people with the sun in their blood, altruists, to whom others are drawn. They bring goodness and light to the world. These are people of high moral character. People born on this lunar day need to work with dreams.",
        "rate": 4
      },
      {
        "cat_ru": "Питание",
        "note_ru": "Лучше воздержаться от переедания. Рекомендуется соковый голод.",
        "cat_en": "Nutrition",
        "note_en": "Better to refrain from overeating. Juice hunger is recommended.",
        "rate": 0
      },
      {
        "cat_ru": "Здоровье",
        "note_ru": "Недуг в этот день неопасен - болезни вероятно окажутся неопасными и непродолжительными. Очень важно беречь зрение: лучше поменьше читать, не смотреть на яркий свет. Людям, страдающим бессонницей, полезно смотреть на неяркий свет. Двадцать восьмой день является началом дней Гекаты, поэтому он один из лучших для очищения и голодания, выхода из кризиса.",
        "cat_en": "Health",
        "note_en": "The disease on this day is not dangerous - the disease is likely to be harmless and short-lived. It is very important to protect your eyesight: it is better to read less, not to look at bright light. It is helpful for people with insomnia to look at dim light. The twenty-eighth day is the beginning of the days of Hecate, so it is one of the best for cleansing and fasting, getting out of the crisis.",
        "rate": 4
      },
      {
        "cat_ru": "Стрижка волос",
        "note_ru": "В результате стрижки волос возрастет очарование вашего внешнего облика и вы будете нравиться людям.",
        "cat_en": "Haircut",
        "note_en": "As a result of cutting your hair, the charm of your appearance will increase and people will like you.",
        "rate": 4
      },
      {
        "cat_ru": "Характеристика четвёртой четверти",
        "note_ru": "Время убывающей Луны, отлива, предназначено для подведения итогов и формулировки организационных выводов прошедшего этапа растущей Луны. В этот момент можно проанализировать, что получилось, а что мешает дальнейшему развитию, рассмотреть новые идеи и поработать над ними, подсчитать прибыль и подвести баланс того, что осталось после прилива. В этот период свойственен спад жизненной энергии, биоритмов, иммунитета. Возможны нервно-психические изменения и нарушения циркуляции жидкости в организме. Физическая нагрузка должна быть умеренной вплоть до уменьшения перед новолунием, больше ходите, меньше сидите. Очень эффективны прохладные ванночки для ног. Рекомендуется прохладное обливание: вначале струю на ступни ног, далее вверх до головы. За 2—3 дня до новолуния снижены резервы здоровья (особенно мужчин), поэтому целесообразно отказаться от плановых оперативных вмешательств. Исключите алкоголь, секс, жаренную и мясную пищу. Вторая и четвертая фазы Луны - лучшие периоды для голодания. Не перегружайте себя значительным употреблением жидкости и пищи. Особенно запрещается пища животного происхождения. Желательно меньше есть маслянистой, незнакомой и плохо усваиваемой пищи. Хорошо употреблять янские продукты в последней трети периода, полезны различные специи.",
        "cat_en": "Fourth quarter characteristic",
        "note_en": "The time of the waning moon, low tide, is intended to summarize and formulate the organizational conclusions of the past stage of the waxing moon. At this point, you can analyze what happened and what hinders further development, consider new ideas and work on them, calculate the profit and balance what is left after the tide. This period is characterized by a decline in vital energy, biorhythms, immunity. Neuropsychic changes and disturbances in the circulation of fluid in the body are possible. Physical activity should be moderate, up to a decrease before the new moon, walk more, sit less. Cool foot baths are very effective. Cool dousing is recommended: first, spray onto the feet, then up to the head. 2-3 days before the new moon reduced health reserves (especially men), so it is advisable to abandon planned surgical interventions. Eliminate alcohol, sex, fried and meat foods. The second and fourth phases of the moon are the best periods for fasting. Do not overwhelm yourself with significant fluid and food intake. Food of animal origin is especially prohibited. It is advisable to eat less oily, unfamiliar and poorly digestible foods. It is good to use yang products in the last third of the period, various spices are useful.",
        "rate": 0
      }
    ]
  }
]