[
  {
    "filetype": "local",
    "num": "4",
    "data": [
      {
        "title_ru":"Пассивный день",
        "cat_ru":"Общие сведения",
        "note_ru":"Первый из неблагоприятных. В этот день рекомендуется не только сажать деревья, сеять и пахать, но еще и изучать национальные, генетические, исторические традиции, концентрироваться на своих истоках, накапливать светлые мысли, проработать взаимоотношения с близкими с целью укрепления своего Древа, очистить ствол Древа от ненужных веток. Очень полезно в этот день вспоминать о прошлом. Считается днем поминовения усопших. Несет в себе двойственную характеристику: он позитивный и негативный одновременно, в нем есть зло. В западноевропейской астрологии он считается днем грехопадения человека, вкусившего от Древа Познания - откуда символ Адамова яблока, застрявшего в горле. День работы с голосом, показаны пение, речитатив и т.д. Может стать несчастливым лишь по вине самого человека, если он окажется в сфере каких-либо фатальных обстоятельств или ополчится на своего ближнего. День, благоприятный для всякого рода и вида водяных сооружений.",
        "title_en":"Passive day",
        "cat_en":"General information",
        "note_en":"The first of the unfavorable . On this day it is recommended not only to plant trees, sow and plow, but also to study national, genetic, historical traditions, concentrate on your origins, accumulate bright thoughts, work out relationships with loved ones in order to strengthen your Tree, clear the trunk of the Tree from unnecessary branches. It is very useful to remember the past on this day. It is considered a day of remembrance of the departed. It carries a dual characteristic: it is positive and negative at the same time, there is evil in it. In Western European astrology, it is considered the day of the fall of a person who ate from the Tree of Knowledge - whence the symbol of Adam's apple stuck in the throat. Day of work with voice, singing, recitative, etc. are shown. He can become unhappy only through the fault of the person himself, if he finds himself in the sphere of any fatal circumstances or takes up arms against his neighbor. A favorable day for all kinds and types of water structures.",
        "rate":3
      },
      {
        "cat_ru":"Сны",
        "note_ru":"Сны, особенно цветные, исполняются. Если в ночь, предшествующую этому дню, привидятся нитки, путаются волосы, то следует отказаться от задуманного. В снах этих лунных суток могут так или иначе присутствовать ваши родители. Это указание: надо проанализировать, какие проблемы вы уснаследовали от них, и начинать их решение. Если снится какая-то опасность - это предупреждение, что надо быть особенно внимательным.",
        "cat_en":"Dreams",
        "note_en":"Dreams, especially colored ones, come true. If on the night preceding this day, threads appear, hair gets tangled, then you should abandon your plan. In the dreams of these lunar days, your parents may be present in one way or another. This is an instruction: you need to analyze what problems you inherited from them, and start solving them. If you dream of some kind of danger, this is a warning that you need to be especially careful.",
        "rate":5
      },
      {
        "cat_ru":"Новые дела",
        "note_ru":"Счастливый для начинаний, в том числе и для поиска пропавших вещей или людей.",
        "cat_en":"New cases",
        "note_en":"Happy for beginnings, including finding missing things or people.",
        "rate":5
      },
      {
        "cat_ru":"Принятие решений",
        "note_ru":"Возрастают дипломатичность и склонность к риску, но нужно десять раз подумать, прежде чем принять решение.",
        "cat_en":"Making decisions",
        "note_en":"Diplomacy and risk appetite increase, but you need to think ten times before making a decision.",
        "rate":0
      },
      {
        "cat_ru":"Бизнес",
        "note_ru":"Удачный день для бизнеса. День активных контактов.",
        "cat_en":"Business",
        "note_en":"A good day for business. Day of active contacts.",
        "rate":5
      },
      {
        "cat_ru":"Деньги",
        "note_ru":"Хорошый день для решения финансовых вопросов.",
        "cat_en":"Money",
        "note_en":"A good day to deal with financial issues.",
        "rate":4
      },
      {
        "cat_ru":"Недвижимость",
        "note_ru":"Заниматься недвижимостью сегодня не стоит.",
        "cat_en":"Real estate",
        "note_en":"Doing real estate today is not worth it.",
        "rate":2
      },
      {
        "cat_ru":"Торговля",
        "note_ru":"Хороший день для торговли.",
        "cat_en":"Trade",
        "note_en":"Nice day to trade.",
        "rate":4
      },
      {
        "cat_ru":"Судебные дела",
        "note_ru":"Очень неподходящий день для споров.",
        "cat_en":"Court cases",
        "note_en":"A very inappropriate day to argue.",
        "rate":5
      },
      {
        "cat_ru":"Учёба",
        "note_ru":"Можно продолжать обучение, экзамены лучше отложить.",
        "cat_en":"Studies",
        "note_en":"You can continue studying, it is better to postpone exams.",
        "rate":0
      },
      {
        "cat_ru":"Общение с начальством",
        "note_ru":"Контакты с начальством не сулят ничего хорошего.",
        "cat_en":"Communication with superiors",
        "note_en":"Contacts with superiors do not bode well.",
        "rate":3
      },
      {
        "cat_ru":"Смена работы",
        "note_ru":"Плохой лунный день для смены рода деятельности.",
        "cat_en":"Job change",
        "note_en":"Bad lunar day for a change of occupation.",
        "rate":1
      },
      {
        "cat_ru":"Путешествия",
        "note_ru":"Луна не благоприятствует путешественникам.",
        "cat_en":"Trips",
        "note_en":"The moon is not favorable to travelers.",
        "rate":2
      },
      {
        "cat_ru":"Переезд",
        "note_ru":"Переезд лучше перенести на другой день.",
        "cat_en":"Moving",
        "note_en":"It is better to postpone the move to another day.",
        "rate":2
      },
      {
        "cat_ru":"Секс",
        "note_ru":"Очень благоприятный день.",
        "cat_en":"Sex",
        "note_en":"A very auspicious day.",
        "rate":5
      },
      {
        "cat_ru":"Рождённые в этот день",
        "note_ru":"Могут вырасти большими эгоистами или даже стать преступниками. Родители должны будут приложить все свои силы и умение, чтобы направить их на правильный путь. Являются носителями какой-то космической тайны: с детства не совсем понятны окружающим. Как впрочем, и самим себе. Но если им удаётся разгадать внутреннюю загадку, они становятся удивительными людьми.",
        "cat_en":"Born on this day",
        "note_en":"They can grow up to be great egoists or even become criminals. Parents will have to make every effort and skill to direct them on the right path. They are carriers of some kind of cosmic secret: from childhood they are not entirely clear to those around them. As well as to ourselves. But if they manage to solve the inner riddle, they become amazing people.",
        "rate":0
      },
      {
        "cat_ru":"Питание",
        "note_ru":"Лучше воздержаться от переедания.",
        "cat_en":"Nutrition",
        "note_en":"Better to refrain from overeating.",
        "rate":0
      },
      {
        "cat_ru":"Здоровье",
        "note_ru":"Болезни могут стать опасными из-за различного рода осложнений, если на них сразу же не обратить серьезного внимания. Часты шейные радикулиты.",
        "cat_en":"Health",
        "note_en":"Diseases can become dangerous due to various kinds of complications if they are not immediately paid serious attention to. Frequent cervical radiculitis.",
        "rate":0
      },
      {
        "cat_ru":"Стрижка волос",
        "note_ru":"Плохой день для стрижки. Cтрижка принесет дискомфорт, привлечет тоску и страх потери близких. Вызовет болезни горла и заболевания полости рта.",
        "cat_en":"Haircut",
        "note_en":"Bad day for a haircut. A haircut will bring discomfort, attract melancholy and fear of losing loved ones. Will cause throat and oral diseases.",
        "rate":2
      },
      {
        "cat_ru":"Характеристика первой четверти",
        "note_ru":"Это активное, честолюбивое и напряжённое время. Оно отличается стремительным движением вперёд и стимулом к прогрессу. Возникает атмосфера энергии и энтузиазма. Но при этом возникают проблемы и острые ситуации, разногласия и конфликты. Часто происходят конфликты между мужчинами и женщинами, взрослыми и детьми. Появляется искушение сорить деньгами. Повышается опасность травматизма и аварийность на дорогах из-за неосторожности. Увеличивается подверженность простудным заболеваниям, обостряются хронические заболевания. В это время часто появляется тенденция к чрезмерноме оптимизму, поэтому помните, что впоследствии вам придётся расплачиваться за все ошибки, совершённые в это время. Это подходящее время для напряжённой работы без расслабления. Не следует уклоняться от трудных разговоров и неприятных встреч, полезно разрешать конфликты и преодолевать разногласия. Это не время для созерцания, а время действий. Но презентации и рекламные показы стоит отложить. На растущей Луне принято начинать новые дела. Всё, что должно быть введено, строит и укрепляет, имеет двойное воздействие. Чем больше растёт Луна, тем неблагоприятнее могут протекать операции и заживление повреждений. И ещё: например, бельё при том же количестве моющих средств не будет после стирки таким чистым, как при убывающей Луне. Замечено, что при растущей Луне и в полнолуние рождается больше детей.",
        "cat_en":"First quarter characteristics",
        "note_en":"This is an active, ambitious and stressful time. It is distinguished by its rapid movement forward and an incentive to progress. An atmosphere of energy and enthusiasm arises. But at the same time, problems and acute situations, disagreements and conflicts arise. Conflicts often occur between men and women, adults and children. There is a temptation to waste money. The risk of injury and road accidents increases due to negligence. The susceptibility to colds increases, chronic diseases are exacerbated. At this time, there is often a tendency to be overly optimistic, so remember that later you will have to pay for all the mistakes made during this time. This is the right time for strenuous work without relaxation. You should not shy away from difficult conversations and unpleasant encounters, it is useful to resolve conflicts and overcome differences. This is not a time for contemplation, but a time for action. But presentations and ad impressions should be postponed. On the growing moon, it is customary to start new business. Anything that needs to be introduced, builds and strengthens, has a double effect. The more the moon grows, the more unfavorable operations and healing of injuries can proceed. And one more thing: for example, laundry with the same amount of detergents will not be as clean after washing as during the waning moon. It is noticed that with the growing moon and at full moon more children are born.",
        "rate":0
      }
    ]
  }
]
