[
   {
      "filetype":"local",
      "num":"6",
      "data":[
         {
	        "title_ru": "Позитивный день",
            "cat_ru":"Общие сведения",
            "note_ru":"Сегодня самый позитивный и удачный день в первой четверти. Почти все будет вам удаваться, жизнь заиграет новыми красками. День лучше провести пассивно, не предпринимая активных действий, не перегружая себя заботами. Луна не требует от вас больших энергетических затрат, поэтому можете распоряжаться своими силами по собственному усмотрению. Захотели посетить спортзал или бассейн? Пожалуйста. Предпочитаете спокойно почитать книгу в кресле? Тоже хорошо. Сегодня все ваши действия благоприятны, если они не нарушают космические и человеческие законы и не портят карму. Тем, кто идет против закона, Луна не благоволит. Поэтому шестой лунный день неблагоприятен для преступников. Сыщикам и полиции без труда удастся их поймать.\n\nСегодня обостряется интуиция, поэтому стоит прислушиваться к своему внутреннему голосу. В шестой лунный день наши предки гадали по облакам. Хороший признак, если облака на небе редкие, белые и легкие. Когда небо ясное или, наоборот, полностью затянуто облаками, это считалось признаком нарушения гармонии в природе. Сегодня звуки и запахи становятся символичными. Услышать мелодичный звон — к добру. Обоняние человека обостряется, поэтому окружите себя приятными ароматами. Можно выехать на природу и отдохнуть.",
	        "title_ru": "Positive day",
            "cat_en":"General information",
            "note_en":"Today is the most positive and successful day in the first quarter. You will succeed in almost everything, life will sparkle with new colors. It is better to spend the day passively, without taking active actions, without overloading yourself with worries. The moon does not require large energy costs from you, so you can dispose of your own forces at your own discretion. Do you want to visit the gym or the pool? Please. Prefer to calmly read a book in an armchair? Also good. Today all your actions are favorable if they do not violate cosmic and human laws and do not spoil karma. Those who go against the law are not favored by the Moon. Therefore, the sixth lunar day is unfavorable for criminals. Detectives and police can easily catch them.\n\nToday intuition is sharpening, so you should listen to your inner voice. On the sixth lunar day, our ancestors used to read the clouds. A good sign if the clouds in the sky are sparse, white and light. When the sky is clear or, conversely, completely covered with clouds, it was considered a sign of a violation of harmony in nature. Today sounds and smells are becoming symbolic. Hearing a melodic ringing is good. A person's sense of smell sharpens, so surround yourself with pleasant aromas. You can go to nature and relax. ",
            "rate":5
         },
         {
            "cat_ru":"Сны",
            "note_ru":"Неоднозначный день для трактовки сновидений. Они могут быть как абсолютно бессмысленными и пустыми, так и вещими, которые нужно рассматривать как точное предсказание. И только вы сами будете способны определить, какой именно сон вам приснился на шестой день Луны.",
            "cat_en":"Dreams",
            "note_en":"An ambiguous day for the interpretation of dreams. They can be either completely meaningless and empty, or prophetic, which must be considered as an accurate prediction. And only you yourself will be able to determine what kind of dream you had on the sixth day of the moon.",
            "rate":0
         },
         {
            "cat_ru":"Новые дела",
            "note_ru":"Сегодняшний день один из лучших в календаре для старта любых дел и проектов. В этот день будет удаваться все - от открытия компании и старта своего дела до начала нового этапа в жизни. Хорошо, например, будет сегодня сесть на диету, поменять образ жизни, окружение.",
            "cat_en":"New cases",
            "note_en":"Today is one of the best in the calendar for starting any business and project. On this day, everything will succeed - from opening a company and starting a business to the beginning of a new stage in life. It will be good, for example, to go on a diet today, change the way of life, the environment.",
            "rate":5
         },
         {
            "cat_ru":"Принятие решений",
            "note_ru":"Пассивный, нетральный день",
            "cat_en":"Making decisions",
            "note_en":"Passive, neutral day",
            "rate":3
         },
         {
            "cat_ru":"Бизнес",
            "note_ru":"Удачный день для бизнеса, хороши групповые дела",
            "cat_en":"Business",
            "note_en":"Good day for business, good for group affairs",
            "rate":5
         },
         {
            "cat_ru":"Деньги",
            "note_ru":"Хороший день для решения финансовых вопросов",
            "cat_en":"Money",
            "note_en":"Good day to deal with financial matters",
            "rate":4
         },
         {
            "cat_ru":"Недвижимость",
            "note_ru":"Операции с недвижимостью совершать можно, но лучше перенести на более благоприятный день",
            "cat_en":"Real estate",
            "note_en":"Real estate transactions can be performed, but it is better to postpone to a more favorable day",
            "rate":3
         },
         {
            "cat_ru":"Торговля",
            "note_ru":"Нейтральный день для торговых дел",
            "cat_en":"Trade",
            "note_en":"Neutral day for trade affairs",
            "rate":3
         },
         {
            "cat_ru":"Судебные дела",
            "note_ru":"Не принесут ни хорошего, ни плохого",
            "cat_en":"Court cases",
            "note_en":"Will bring neither good nor bad",
            "rate":2
         },
         {
            "cat_ru":"Учёба",
            "note_ru":"Идеален для обучения и сдачи экзаменов",
            "cat_en":"Studies",
            "note_en":"Ideal for study and exams",
            "rate":5
         },
         {
            "cat_ru":"Общение с начальством",
            "note_ru":"Удачен для общения с начальством",
            "cat_en":"Communication with superiors",
            "note_en":"Successful for communication with superiors",
            "rate":4
         },
         {
            "cat_ru":"Смена работы",
            "note_ru":"Можно, но лучше перенести смену места работы на другой лунный день",
            "cat_en":"Job change",
            "note_en":"It is possible, but it is better to postpone the change of place of work to another lunar day",
            "rate":3
         },
         {
            "cat_ru":"Путешествия",
            "note_ru":"Можно совершать небольшие путешествия, крупные лучше отложить",
            "cat_en":"Trips",
            "note_en":"You can make small trips, it is better to postpone large ones",
            "rate":3
         },
         {
            "cat_ru":"Переезд",
            "note_ru":"День благоприятствует переездам",
            "cat_en":"Moving",
            "note_en":"Day favors travel",
            "rate":4
         },
         {
            "cat_ru":"Секс",
            "note_ru":"Время классики. Побольше поцелуев, теплых слов и ласк. Сегодня ваши отношения должны быть спокойными, трепетными и нежными. Если хотя бы один из партнеров раздражен или чувствует мышечное напряжение, то от близости лучше вообще отказаться, ибо это вызовет внутренний дискомфорт. Этот лунный день хорош для близости пожилых людей с ослабленным здоровьем.",
            "cat_en":"Sex",
            "note_en":"Time of the classics. More kisses, warm words and caresses. Today, your relationship should be calm, anxious and tender. If at least one of the partners is irritated or feels muscle tension, then it is better to refuse intimacy altogether, because this will cause internal discomfort. This lunar day is good for the proximity of elderly people with poor health.",
            "rate":0
         },
         {
            "cat_ru":"Рождённые в этот день",
            "note_ru":"Проживут долгую и плодотворную жизнь, оставив после себя ощутимый след. Рожденные в этот день, — проводники, трансформаторы космической энергии. Имеют богатый внутренний мир. Фантазёры и мечтатели. Они очень не любят давления. Во взаимоотношениях ценят свободу",
            "cat_en":"Born on this day",
            "note_en":"They will live a long and fruitful life, leaving behind a tangible mark. Those born on this day are conductors, transformers of cosmic energy. They have a rich inner world. Dreamers and dreamers. They really don't like pressure. They value freedom in relationships",
            "rate":0
         },
         {
            "cat_ru":"Питание",
            "note_ru":"Можно устраивать небольшие застолья",
            "cat_en":"Nutrition",
            "note_en":"You can arrange small feasts",
            "rate":0
         },
         {
            "cat_ru":"Здоровье",
            "note_ru":"Заболевший в этот день человек отделается легким испугом. Возрастает опасность простуд. Показано лечить органы дыхания — обратите внимание на легкие. День неблагоприятен для удаления зубов, но хорош для омоложения",
            "cat_en":"Health",
            "note_en":"A person who gets sick on this day will get off with a slight fright. The risk of colds increases. Shown to treat the respiratory system - pay attention to the lungs. The day is unfavorable for tooth extraction, but good for rejuvenation.",
            "rate":0
         },
         {
            "cat_ru":"Стрижка волос",
            "note_ru":"В этот лунный день стрижка может привести к простуде и проблемам с запахом.",
            "cat_en":"Haircut",
            "note_en":"On this lunar day, a haircut can lead to colds and odor problems.",
            "rate":3
         },
         {
            "cat_ru":"Характеристика первой четверти",
            "note_ru":"Это активное, честолюбивое и напряжённое время. Оно отличается стремительным движением вперёд и стимулом к прогрессу. Возникает атмосфера энергии и энтузиазма. Но при этом возникают проблемы и острые ситуации, разногласия и конфликты. Часто происходят конфликты между мужчинами и женщинами, взрослыми и детьми. Появляется искушение сорить деньгами. Повышается опасность травматизма и аварийность на дорогах из-за неосторожности. Увеличивается подверженность простудным заболеваниям, обостряются хронические заболевания. В это время часто появляется тенденция к чрезмерноме оптимизму, поэтому помните, что впоследствии вам придётся расплачиваться за все ошибки, совершённые в это время. Это подходящее время для напряжённой работы без расслабления. Не следует уклоняться от трудных разговоров и неприятных встреч, полезно разрешать конфликты и преодолевать разногласия. Это не время для созерцания, а время действий. Но презентации и рекламные показы стоит отложить. На растущей Луне принято начинать новые дела. Всё, что должно быть введено, строит и укрепляет, имеет двойное воздействие. Чем больше растёт Луна, тем неблагоприятнее могут протекать операции и заживление повреждений. И ещё: например, бельё при том же количестве моющих средств не будет после стирки таким чистым, как при убывающей Луне. Замечено, что при растущей Луне и в полнолуние рождается больше детей.",
            "cat_en":"First quarter characteristics",
            "note_en":"This is an active, ambitious and stressful time. It is distinguished by its rapid movement forward and an incentive to progress. An atmosphere of energy and enthusiasm arises. But at the same time, problems and acute situations, disagreements and conflicts arise. Conflicts often occur between men and women, adults and children. There is a temptation to waste money. The risk of injury and road accidents increases due to negligence. The susceptibility to colds increases, chronic diseases are exacerbated. During this time, there is often a tendency to be overly optimistic, so remember that later you will have to pay for all the mistakes made during this time. This is the right time for strenuous work without relaxation. You should not shy away from difficult conversations and unpleasant encounters, it is useful to resolve conflicts and overcome differences. This is not a time for contemplation, but a time for action. But presentations and ad impressions should be postponed. On the growing moon, it is customary to start new business. Anything that needs to be introduced, builds and strengthens, has a double effect. The more the moon grows, the more unfavorable operations and healing of injuries can proceed. And one more thing: for example, laundry with the same amount of detergents will not be as clean after washing as during the waning moon. It is noticed that with the growing moon and at full moon more children are born.",
            "rate":0
         }
      ]
   }
]
