[
  {
    "filetype": "local",
    "num": "8",
    "data": [
      {
        "title_ru": "День решительных поступков, отпущения грехов и покаяния",
        "cat_ru": "Общие сведения",
        "note_ru": "Хорошо в этот день покаяться в собственных грехах и простить грехи другим людям. Обдумайте свою жизнь, вспомните былое. Пусть все неприятности, что были в прошлом: неудачи, беды, сомнения, нежелательные поступки и черные мысли сгорят как в пламени пожара. Начало второй фазы, день изменения. Нашего глубинного изменения. \n\nДля того чтобы оно прошло удачно, нужно совсем немного. Нужно внутренне отказаться от достигнутого. Забудьте на время о своих достоинствах. Их слишком просто переоценить. Энергия этого дня направлена внутрь. Снаружи возможна некоторая пассивность. Возможно, вас потянет к контакту с огнём. Захочется смотреть на солнце или свечу или просто посидеть у костра. Не сдерживайте себя. День может быть удачным для тех, кто склонен к авантюрам, а также для людей, способных пожертвовать собой. У многих происходит обострение восприятия. Восьмой лунный день – это время биохимических и алхимических трансформаций, когда в организме включаются тончайшие энергии. активный день, могут быть непредвиденные события. Плохой для медлительных людей.",
        "title_en": "Day of decisive actions, absolution and repentance",
        "cat_en": "General information",
        "note_en": "It is good on this day to repent of your own sins and to forgive the sins of other people. Ponder your life, remember the past. Let all the troubles that were in the past: failures, troubles, doubts, unwanted actions and black thoughts burn out like in a fire. The beginning of the second phase, the day of the change. Of our profound change. \n\nIt takes very little for it to go well. It is necessary to internally abandon what has been achieved. Forget about your merits for a while. They are too easy to overestimate. The energy of this day is directed inward. Outside, some passivity is possible. You may be drawn to contact with fire. You will want to look at the sun or a candle, or just sit by the fire. Don't hold yourself back. The day can be successful for those who are prone to adventures, as well as for people who are able to sacrifice themselves. Many people experience an aggravation of perception. The eighth lunar day is a time of biochemical and alchemical transformations, when the subtlest energies are turned on in the body. active day, there may be unforeseen events. Bad for slow people.",
        "rate": 3
      },
      {
        "cat_ru": "Сны",
        "note_ru": "Снам, в большинстве случаев, можно доверять, они говорят о смысле жизни. Во сне вы можете увидеть намёки на ваше истинное предназначение в жизни, на то, чем вам надо заниматься. Возможно, вам удастся понять для выполнения какой задачи вы родились, в чём смысл вашей жизни.",
        "cat_en": "Dreams",
        "note_en": "Dreams, in most cases, can be trusted, they talk about the meaning of life. In a dream, you can see hints of your true purpose in life, of what you need to do. Perhaps you will be able to understand what task you were born for, what is the meaning of your life.",
        "rate": 0
      },
      {
        "cat_ru": "Новые дела",
        "note_ru": "Дела, начатые в этот лунный день обычно удаются. Старые, незавершённые дела могут потребовать много сил и времени.",
        "cat_en": "New cases",
        "note_en": "Business started on this lunar day is usually successful. Old, unfinished business can take a lot of time and effort.",
        "rate": 4
      },
      {
        "cat_ru": "Принятие решений",
        "note_ru": "Решение важных вопросов лучше перенести.",
        "cat_en": "Making decisions",
        "note_en": "It is better to postpone the decision of important issues.",
        "rate": 2
      },
      {
        "cat_ru": "Бизнес",
        "note_ru": "Можно заниматься делами.",
        "cat_en": "Business",
        "note_en": "You can do business.",
        "rate": 3
      },
      {
        "cat_ru": "Деньги",
        "note_ru": "Можно проводить не очень серьёзные финансовые операции.",
        "cat_en": "Money",
        "note_en": "You can carry out not very serious financial transactions.",
        "rate": 3
      },
      {
        "cat_ru": "Недвижимость",
        "note_ru": "Отлично подходит для любых операций с недвижимостью.",
        "cat_en": "Real estate",
        "note_en": "Great for any real estate business.",
        "rate": 5
      },
      {
        "cat_ru": "Торговля",
        "note_ru": "Не очень благоприятный день для торговли.",
        "cat_en": "Trade",
        "note_en": "Not a very good day for trading.",
        "rate": 2
      },
      {
        "cat_ru": "Судебные дела",
        "note_ru": "Благоприятный день для судебных дел.",
        "cat_en": "Court cases",
        "note_en": "Auspicious day for court cases.",
        "rate": 4
      },
      {
        "cat_ru": "Учёба",
        "note_ru": "Можно продолжать обучение, экзамены лучше отложить.",
        "cat_en": "Studies",
        "note_en": "You can continue studying, it is better to postpone exams.",
        "rate": 2
      },
      {
        "cat_ru": "Общение с начальством",
        "note_ru": "Можно обращаться к начальству с мелкими вопросами. В общении с партнёрами и сослуживцами следует быть внимательным.",
        "cat_en": "Communication with superiors",
        "note_en": "You can contact your bosses with minor questions. You should be careful when communicating with partners and coworkers.",
        "rate": 3
      },
      {
        "cat_ru": "Смена работы",
        "note_ru": "Лучше перенести смену места работы на другой лунный день.",
        "cat_en": "Job change",
        "note_en": "Better to postpone the change of job to another lunar day.",
        "rate": 2
      },
      {
        "cat_ru": "Путешествия",
        "note_ru": "Благоприятный день для поездок, путешествий и командировок.",
        "cat_en": "Trips",
        "note_en": "Auspicious day for travel, travel and business trips.",
        "rate": 4
      },
      {
        "cat_ru": "Переезд",
        "note_ru": "Удачный день для переезда.",
        "cat_en": "Moving",
        "note_en": "Good day to move.",
        "rate": 5
      },
      {
        "cat_ru": "Секс",
        "note_ru": "Лучше знать меру в сексе.",
        "cat_en": "Sex",
        "note_en": "Better to know when to stop in sex.",
        "rate": 3
      },
      {
        "cat_ru": "Рождённые в этот день",
        "note_ru": "Ребенку, родившемуся в этот день, часто не суждена внешняя красота, поэтому привлекать внимание начальства, окружающего мира и общественности он сможет своим умом и знаниями, а также прилежным трудом, добросовестностью и доброжелательностью. Девочки обладают сверхоригинальным складом психики и особым умом. Как правило, рожденные в этот день не любят физических нагрузок, экономят энергию. Эти люди часто очень оригинальны. Бывают прекрасными артистами. Имеют способность перерождаться.",
        "cat_en": "Born on this day",
        "note_en": "A child born on this day is often not destined to external beauty, therefore, he will be able to attract the attention of the authorities, the world around him and the public with his mind and knowledge, as well as diligent work, conscientiousness and goodwill. Girls have a super-original mentality and a special mind. As a rule, those born on this day do not like physical activity, they save energy. These people are often very original. They are great artists. They have the ability to be reborn.",
        "rate": 0
      },
      {
        "cat_ru": "Питание",
        "note_ru": "Лучше воздержаться от переедания.",
        "cat_en": "Nutrition",
        "note_en": "Better to refrain from overeating.",
        "rate": 0
      },
      {
        "cat_ru": "Здоровье",
        "note_ru": "Болезни этого дня могут оказаться весьма опасными. Полезна профилактика межреберной невралгии и стенокардии. В этот день возрастает опасность пищевых отравлений. Можно голодать, проводить очищение желудка и кишечника. Хорошо готовить лекарственные препараты от всех болезней, особенно сложные, в которых содержится 108 или 72 компонента.",
        "cat_en": "Health",
        "note_en": "Diseases of this day can be very dangerous. Prevention of intercostal neuralgia and angina pectoris is useful. On this day, the danger of food poisoning increases. You can starve, cleanse the stomach and intestines. It is good to prepare medicines for all diseases, especially complex ones, which contain 108 or 72 components.",
        "rate": 0
      },
      {
        "cat_ru": "Стрижка волос",
        "note_ru": "Cтрижка прилечет к вам долголетие, хорошее здоровье и сделает вашу жизнь достойной в глазах окружающих.",
        "cat_en": "Haircut",
        "note_en": "A haircut will bring you longevity, good health and make your life worthy in the eyes of others.",
        "rate": 5
      },
      {
        "cat_ru": "Характеристика второй четверти",
        "note_ru": "Возможны острые заболевания, стрессы, ограничьте прием лекарств, полностью исключите алкоголь. Нервная система наиболее напряжена и раздражима, в связи с этим желательно не ходить без головного убора и не спать под прямым лунным светом. Меньше физических нагрузок — от средней нагрузки и к полнолунию — малой. Для людей полных необходимы теплые ванны, а для худощавых хороши горячие ванны и парная на 9 и 10-й лунные дни. Рекомендуются прохладные и холодные обливания в начале периода умеренно и в конце периода усиленно (сначала на ступни ног и далее вверх до головы). За сутки до полнолуния и в полнолуние желательно отказаться от проведения хирургических вмешательств. Хирургические операции сопровождаются в полнолуние значительными кровопотерями. Инфекционные заболевания бактериальной природы часто начинаются утром, в полнолуние. Полнолуние — травмоопасный период, случаются частые отравления, обостряется сексуальная чувствительность, уход энергии от мужчины к женщине, действие лекарственных средств выражено максимально — отмечается 100-процентное усвоение лекарственных, наркотических средств, алкоголя, сильнее проявляется их побочное действие, рекомендуется меньше делать энергетических потерь, нежелательны танцы и прыжки. Очень осторожно принимать лекарственные средства. Празднества и свадьбы нежелательны. Очистительные процедуры во II-й фазе наиболее благоприятны. В первой трети периода (8, 9, 10-й лунные дни), особенно в 9-й хорошо проводить очищение от шлаков. Во второй трети п",
        "cat_en": "Second quarter characteristic",
        "note_en": "Possible acute illness, stress, limit medication, completely exclude alcohol. The nervous system is the most tense and irritable, in this regard, it is advisable not to go without a headdress and not sleep under direct moonlight. Less physical activity - from medium load and to the full moon - small. For overweight people, warm baths are needed, and for thin people, hot baths and a steam room on the 9th and 10th lunar days are good. Cool and cold douches are recommended at the beginning of the period moderately and at the end of the period intensely (first on the feet and then up to the head). The day before the full moon and on the full moon, it is advisable to refuse surgical interventions. Surgical operations are accompanied by significant blood loss during the full moon. Infectious diseases of a bacterial nature often begin in the morning, on a full moon. The full moon is a traumatic period, frequent poisoning occurs, sexual sensitivity is aggravated, energy leaves a man to a woman, the effect of drugs is expressed as much as possible - there is a 100% absorption of drugs, drugs, alcohol, their side effects are more pronounced, it is recommended to make less energy losses, dancing and jumping are undesirable. Take medicines very carefully. Celebrations and weddings are not desirable. Cleaning procedures in the II-nd phase are the most favorable. In the first third of the period (8, 9, 10 lunar days), especially in the 9th, it is good to purify from toxins. In the second third of the",
        "rate": 0
      }
    ]
  }
]
