[
  {
    "filetype": "local",
    "num": "9",
    "data": [
      {
		"title_ru": "Очень неблагоприятный день, плохой, опасный, темный",
		"cat_ru": "Общие сведения",
        "note_ru": "Сегодня следует быть настороже. Все знаки, которые преподносит нам судьба, оказываются дурными, но впадать в уныние не следует. Умерьте собственные амбиции, ибо излишняя гордость и самоуверенность может обернуться против вас и привести к катастрофе. Сегодня над вами будут витать множество иллюзий, обманов, авантюр, опасных соблазнов. Не поддавайтесь отрицательной энергетике девятого лунного дня, держите себя в руках.\n\nСегодня люди крайне эмоциональны. Они угнетены и подавлены, ими владеют мрачные мысли, страхи, необоснованная тревога. Чтобы защитить себя от мрачного влияния девятых лунных суток, следует заняться самоочищением. Ваши желания и помыслы должны быть чисты. Если в недалеком прошлом кто-то вас обидел — простите его, искренне пожелайте ему счастья, это послужит эффективным методом борьбы с отрицательной энергетикой дня.\n\nНе беритесь за новые дела, возможно, вы переоцените собственные способности, и тогда ваши начинания потерпят крах. Лучше продолжать заниматься чем, чем вы занимались до этого. Будьте морально готовы к дурным новостям, невезению, пищевому отравлению — все это сегодня не исключено. Постарайтесь пережить этот день без эмоциональных всплесков. Вообще демонстрировать свои эмоции сегодня нежелательно. Также не стоит спорить и ссориться, отстаивать свое мнение бесполезно. Проведите день в спокойной, привычной работе, в будничных делах. ",
        "title_en": "A very unfavorable day, bad, dangerous, dark",
        "cat_en": "General information",
        "note_en": "You should be on your guard today. All the signs that fate presents us turn out to be bad, but we should not fall into despondency. Moderate your own ambitions, for excessive pride and self-confidence can turn against you and lead to disaster. Today many illusions, deceptions, adventures, dangerous temptations will hover over you. Do not succumb to the negative energy of the ninth lunar day, control yourself.\n\nToday people are extremely emotional. They are oppressed and depressed, they are possessed by gloomy thoughts, fears, unreasonable anxiety. To protect yourself from the gloomy influence of the ninth lunar day, self-purification should be done. Your desires and thoughts should be pure. If in the recent past someone offended you, forgive him, sincerely wish him happiness, this will serve as an effective method of dealing with the negative energy of the day.\n\nDo not take on new things, perhaps you overestimate your own abilities, and then your endeavors will fail. It is better to continue doing what you did before. Be mentally prepared for bad news, bad luck, food poisoning - all this is possible today. Try to get through this day without emotional outbursts. In general, it is undesirable to demonstrate your emotions today. Also, do not argue and quarrel, it is useless to defend your opinion. Spend the day in a calm, familiar work, in everyday activities.",
        "rate": 1
      },
      {
        "cat_ru": "Сны",
        "note_ru": "В этот день сны могут быть очень страшными, мучительными. Не исключено, что всю ночь вы можете страдать от кошмаров, а, проснувшись, чувствовать себя ужасно. У вас будет состояние полного истощения и разбитости, даже легкой депрессии. Но во всем этом есть и хороший момент: сны девятого лунного дня не вещие и никогда не сбываются. Образы, увиденные в сновидении в этот период, скорее, показывают ваш внутренний мир и в гиперболизированном виде отражают какой-то глубоко скрытый на уровне подсознания личный конфликт. Поэтому проснувшись, не стоит пугаться. Просто постарайтесь внимательно проанализировать все увиденное, и понять, как оно связано с вашим эмоциональным состоянием, как отражает ваши черты характера. Возможно, стоит даже мысленно вернуться в далекие детские годы. Часто много проблем в нашем взрослом возрасте идут корнями прямо оттуда.\n\nСны этого дня являются своего рода маяками, предостережениями от негативных событий в жизни. Если вам удастся правильно толковать увиденные образы, вы можете четко увидеть, какие кармические проблемы и «узелки» у вас имеются. Проработав эти ситуации, у вас есть все шансы качественно улучшить и облегчить свою жизнь.",
        "cat_en": "Dreams",
        "note_en": "On this day, dreams can be very scary, painful. It is possible that all night long you may suffer from nightmares, and, upon waking up, feel terrible. You will have a state of complete exhaustion and weakness, even mild depression. But there is a good point in all this: the dreams of the ninth lunar day are not prophetic and never come true. The images seen in a dream during this period, rather, show your inner world and in an exaggerated form reflect some kind of deeply hidden personal conflict at the subconscious level. Therefore, when you wake up, you should not be afraid. Just try to carefully analyze everything you see, and understand how it relates to your emotional state, how it reflects your character traits. Perhaps it is even worth mentally returning to the distant childhood years. Often a lot of problems in our adult age have their roots right there. \n\nDreams of this day are a kind of beacons, warning against negative events in life. If you manage to correctly interpret the images you see, you can clearly see what karmic problems and `knots` you have. Having worked through these situations, you have every chance to qualitatively improve and make your life easier. ",
        "rate": 2
      },
      {
        "cat_ru": "Новые дела",
        "note_ru": "Девятые лунные сутки считаются одним из худших дней для любых начинаний и новых дел. Не стоит браться ни за какие серьезные проекты, не планируйте новых дел и задач, не вовлекайтесь ни в какие важные активности. Все это рискует очень плохо закончиться. А если вы и доведете начатое в этот день до ума, то результат не будет стоить затраченных сил и нервов. Не окупится он и финансово. Поэтому сегодня лучше «залечь на дно» и заниматься в лучшем случае чем-то рутинным, несложным и, желательно, не особо важным. Если же есть возможность, все проекты будет хорошо заморозить и их старт перенести на другой день. Это тот случай, когда потери от простоя могут быть меньше, чем потери в результате неудачи.",
        "cat_en": "New cases",
        "note_en": "Ninth lunar day is considered one of the worst days for any beginnings and new business. You should not undertake any serious projects, do not plan new affairs and tasks, do not get involved in any important activities. All this runs the risk of ending very badly. And if you bring what you started on this day to mind, then the result will not be worth the effort and nerves expended. It will not pay off financially either. Therefore, today it is better to `lay low` and do at best something routine, uncomplicated and, preferably, not particularly important. If there is an opportunity, it will be good to freeze all projects and postpone their start to another day. This is where the loss from downtime can be less than the loss from failure.",
        "rate": 1
      },
      {
        "cat_ru": "Принятие решений",
        "note_ru": "Отложите принятие решений на другой день.",
        "cat_en": "Making decisions",
        "note_en": "Postpone decision making for another day.",
        "rate": 2
      },
      {
        "cat_ru": "Бизнес",
        "note_ru": "Неудачный день для занятия бизнесом. Возможны потери.",
        "cat_en": "Business",
        "note_en": "Bad day for doing business. Possible losses.",
        "rate": 2
      },
      {
        "cat_ru": "Деньги",
        "note_ru": "Неудачный день для занятий финансами. Возможны потери.",
        "cat_en": "Money",
        "note_en": "Bad day for doing finance. Possible losses.",
        "rate": 2
      },
      {
        "cat_ru": "Недвижимость",
        "note_ru": "В эти лунные сутки не стоит заниматься недвижимостью.",
        "cat_en": "Real estate",
        "note_en": "On these lunar days, you should not deal with real estate.",
        "rate": 2
      },
      {
        "cat_ru": "Торговля",
        "note_ru": "День хорош для покупки крупного рогатого скота.",
        "cat_en": "Trade",
        "note_en": "The day is good for buying cattle.",
        "rate": 3
      },
      {
        "cat_ru": "Судебные дела",
        "note_ru": "Неподходящий день для судебных споров, перенесите их на другой лунный день.",
        "cat_en": "Court cases",
        "note_en": "Not a good day for litigation, reschedule it to another lunar day.",
        "rate": 2
      },
      {
        "cat_ru": "Учёба",
        "note_ru": "Плох для учебы.",
        "cat_en": "Studies",
        "note_en": "Bad for studying.",
        "rate": 2
      },
      {
        "cat_ru": "Общение с начальством",
        "note_ru": "Контакты с начальством не сулят ничего хорошего.",
        "cat_en": "Communication with superiors",
        "note_en": "Contacts with superiors don't bode well.",
        "rate": 2
      },
      {
        "cat_ru": "Смена работы",
        "note_ru": "Плохой лунный день для смены рода деятельности.",
        "cat_en": "Job change",
        "note_en": "Bad lunar day for a change of occupation.",
        "rate": 2
      },
      {
        "cat_ru": "Путешествия",
        "note_ru": "Хороший день для путешествий. Луна благоприятствует всем путешественникам.",
        "cat_en": "Trips",
        "note_en": "Nice day to travel. The moon favors all travelers.",
        "rate": 4
      },
      {
        "cat_ru": "Переезд",
        "note_ru": "Хороший день для переезда.",
        "cat_en": "Moving",
        "note_en": "Good day to move.",
        "rate": 4
      },
      {
        "cat_ru": "Секс",
        "note_ru": "В этот день рекомендуется воздержание.",
        "cat_en": "Sex",
        "note_en": "Abstinence is recommended on this day.",
        "rate": 0
      },
      {
        "cat_ru": "Рождённые в этот день",
        "note_ru": "Они проживут долгую и плодотворную жизнь. Нередко они бывают несчастными: им нужно постоянно чиститься, избавляться от шлаков как физических, так и астральных. Бывают слабы здоровьем, но если они будут воспринимать это, как вызов. Если будут бороться за внутреннюю и внешнюю чистоту, то их проблемы станут новой ступенькой в развитии.",
        "cat_en": "Born on this day",
        "note_en": "They will live long and fruitful lives. Often they are unhappy: they need to constantly cleanse themselves, get rid of toxins, both physical and astral. They are weak in health, but if they take it as a challenge. If they fight for internal and external cleanliness, then their problems will become a new step in development.",
        "rate": 0
      },
      {
        "cat_ru": "Питание",
        "note_ru": "Лучше воздержаться от переедания.",
        "cat_en": "Nutrition",
        "note_en": "Better to refrain from overeating.",
        "rate": 2
      },
      {
        "cat_ru": "Здоровье",
        "note_ru": "Болезни могут быть опасны, но не смертельны. Предупреждают о том, что вы выбрали неверный путь своего духовного развития. Часты невралгии. Обостряются болезни сердца. День психоаналитиков, хотя психика перегружена в этот день комплексами и чувством нерешенных проблем. Обостряются фобии и суицидальные тенденции. Возрастает опасность пищевых отравлений. Необходимо очищать себя от физических шлаков, заниматься силовыми упражнениями. Хороший день для посещения бани или сауны.",
        "cat_en": "Health",
        "note_en": "Diseases can be dangerous, but not fatal. They warn that you have chosen the wrong path of your spiritual development. Neuralgias are frequent. Heart disease worsens. Day of psychoanalysts, although the psyche is overloaded on this day with complexes and a sense of unresolved problems. Phobias and suicidal tendencies are exacerbated. The risk of food poisoning is increasing. It is necessary to cleanse yourself of physical toxins, engage in strength exercises. Nice day to visit a bath or sauna.",
        "rate": 0
      },
      {
        "cat_ru": "Стрижка волос",
        "note_ru": "Стрижка в этот лунный день вызовет болезненное состояние.",
        "cat_en": "Haircut",
        "note_en": "A haircut on this lunar day will cause a painful condition.",
        "rate": 2
      },
      {
        "cat_ru": "Характеристика второй четверти",
        "note_ru": "Возможны острые заболевания, стрессы, ограничьте прием лекарств, полностью исключите алкоголь. Нервная система наиболее напряжена и раздражима, в связи с этим желательно не ходить без головного убора и не спать под прямым лунным светом. Меньше физических нагрузок — от средней нагрузки и к полнолунию — малой. Для людей полных необходимы теплые ванны, а для худощавых хороши горячие ванны и парная на 9 и 10-й лунные дни. Рекомендуются прохладные и холодные обливания в начале периода умеренно и в конце периода усиленно (сначала на ступни ног и далее вверх до головы). За сутки до полнолуния и в полнолуние желательно отказаться от проведения хирургических вмешательств. Хирургические операции сопровождаются в полнолуние значительными кровопотерями. Инфекционные заболевания бактериальной природы часто начинаются утром, в полнолуние. Полнолуние — травмоопасный период, случаются частые отравления, обостряется сексуальная чувствительность, уход энергии от мужчины к женщине, действие лекарственных средств выражено максимально — отмечается 100-процентное усвоение лекарственных, наркотических средств, алкоголя, сильнее проявляется их побочное действие, рекомендуется меньше делать энергетических потерь, нежелательны танцы и прыжки. Очень осторожно принимать лекарственные средства. Празднества и свадьбы нежелательны. Очистительные процедуры во II-й фазе наиболее благоприятны. В первой трети периода (8, 9, 10-й лунные дни), особенно в 9-й хорошо проводить очищение от шлаков. Во второй трети п",
        "cat_en": "Second quarter characteristic",
        "note_en": "Possible acute illness, stress, limit medication, completely exclude alcohol. The nervous system is the most tense and irritable, in this regard, it is advisable not to go without a headdress and not sleep under direct moonlight. Less physical activity - from medium load and to the full moon - small. For overweight people, warm baths are needed, and for thin people, hot baths and a steam room on the 9th and 10th lunar days are good. Cool and cold douches are recommended at the beginning of the period moderately and at the end of the period intensely (first on the feet and then up to the head). The day before the full moon and on the full moon, it is advisable to refuse surgical interventions. Surgical operations are accompanied by significant blood loss during the full moon. Infectious diseases of a bacterial nature often begin in the morning, on a full moon. The full moon is a traumatic period, frequent poisoning occurs, sexual sensitivity is aggravated, energy leaves a man to a woman, the effect of drugs is expressed as much as possible - there is a 100% absorption of drugs, drugs, alcohol, their side effects are more pronounced, it is recommended to make less energy losses, dancing and jumping are undesirable. Take medicines very carefully. Celebrations and weddings are not desirable. Cleaning procedures in the II-nd phase are the most favorable. In the first third of the period (8, 9, 10 lunar days), especially in the 9th, it is good to purify from toxins. In the second third of the",
        "rate": 0
      }
    ]
  }
]
