[
  {
    "filetype": "local",
    "num": "19",
    "data": [
      {
        "title_ru": "В этот день миром правит тяжелая и неблагоприятная для человека энергетика",	      
        "cat_ru": "Общие сведения",
        "note_ru": "День одиночек, людей творческих. День спокойствия, резервы здоровья достаточны, надо быть собранным и осмотрительным. Если позволяют обстоятельства, лучше оставаться дома и никуда не выходить. Велика опасность поддаться дурному влиянию, запутаться в дьявольских сетях. Знакомство в этот день может иметь тяжелое продолжение: вам будет очень трудно освободиться из-под влияния этого человека. Этот день связан с нравственной очисткой души и совести. Рекомендуется обдумать свои поступки, мысленно покаяться, избавиться от лжи, гордыни и чужих мыслей. Желательно зажечь свечу или лампаду, обойти со свечой квартиру или посидеть у костра. Этот день опасен отравлениями, духовным дурманом, расщеплением сознания. Запутавшись в каком-то пороке, человек может легко попасть в раскинутую вокруг дьявольскую сеть. Очень осторожным надо быть с новыми идеями, веяниями, которые узнаешь в 19-й лунный день - скорее всего, это будет обольщение. Следует опасаться пьяных людей, способных нанести ущерб здоровью и даже изувечить.",
        "title_en": "The world is ruled by a heavy and unfavorable energy for a person.",
        "cat_en": "General information",
        "note_en": "Day of singles, creative people. Day of calmness, health reserves are sufficient, you need to be collected and prudent. If circumstances permit, it is better to stay at home and not go anywhere. There is a great danger of succumbing to bad influence, getting entangled in the devil's networks. Acquaintance on this day can have a difficult continuation: it will be very difficult for you to free yourself from the influence of this person. This day is associated with the moral purification of the soul and conscience. It is recommended to think over your actions, mentally repent, get rid of lies, pride and other people's thoughts. It is advisable to light a candle or an icon lamp, walk around an apartment with a candle, or sit by the fire. This day is dangerous due to poisoning, spiritual intoxication, splitting of consciousness. Having become entangled in some kind of vice, a person can easily fall into the devil's net spread around. You have to be very careful with new ideas, trends that you learn on the 19th lunar day - most likely, it will be a seduction. You should beware of drunk people who can harm your health and even maim.",
        "rate": 2
      },
      {
        "cat_ru": "Сны",
        "note_ru": "Сны могут сбываться. После сна хорошо бы прочитать молитву, чтобы не сбылось плохое.",
        "cat_en": "Dreams",
        "note_en": "Dreams can come true. After sleep, it would be good to read a prayer so that the bad does not come true.",
        "rate": 0
      },
      {
        "cat_ru": "Новые дела",
        "note_ru": "Дела, начатые в этот день лунного календаря, дают обратные результаты.",
        "cat_en": "New cases",
        "note_en": "Cases started on this day of the lunar calendar give the opposite results.",
        "rate": 1
      },
      {
        "cat_ru": "Принятие решений",
        "note_ru": "Следует быть очень осторожными с новыми идеями и планами – скорее всего, это будет обольщение или обман.",
        "cat_en": "Making decisions",
        "note_en": "You should be very careful with new ideas and plans - most likely, it will be seduction or deception.",
        "rate": 2
      },
      {
        "cat_ru": "Бизнес",
        "note_ru": "Можно заниматься делами, но решение важных вопросов лучше перенести. Не стоит заключать договора, брать на себя какие-либо обязательства.",
        "cat_en": "Business",
        "note_en": "You can do business, but it is better to postpone the decision of important issues. You should not conclude a contract, take on any obligations.",
        "rate": 2
      },
      {
        "cat_ru": "Деньги",
        "note_ru": "Можно проводить не очень серьёзные финансовые операции.",
        "cat_en": "Money",
        "note_en": "You can carry out not very serious financial transactions.",
        "rate": 3
      },
      {
        "cat_ru": "Недвижимость",
        "note_ru": "Заниматься недвижимостью не стоит.",
        "cat_en": "Real estate",
        "note_en": "Do not deal with real estate.",
        "rate": 2
      },
      {
        "cat_ru": "Торговля",
        "note_ru": "Неблагоприятный день для торговли.",
        "cat_en": "Trade",
        "note_en": "Bad day for trading.",
        "rate": 2
      },
      {
        "cat_ru": "Судебные дела",
        "note_ru": "Перенесите выяснение отношений на другой день.",
        "cat_en": "Court cases",
        "note_en": "Reschedule the showdown to another day.",
        "rate": 2
      },
      {
        "cat_ru": "Учёба",
        "note_ru": "Можно продолжать обучение, экзамены лучше отложить.",
        "cat_en": "Studies",
        "note_en": "You can continue studying, it is better to postpone exams.",
        "rate": 3
      },
      {
        "cat_ru": "Общение с начальством",
        "note_ru": "Можно обращаться к начальству с мелкими вопросами.",
        "cat_en": "Communication with superiors",
        "note_en": "You can contact your superiors with minor questions.",
        "rate": 3
      },
      {
        "cat_ru": "Смена работы",
        "note_ru": "Один из худших лунных дней для смены рода деятельности.",
        "cat_en": "Job change",
        "note_en": "One of the worst lunar days for a change of occupation.",
        "rate": 1
      },
      {
        "cat_ru": "Путешествия",
        "note_ru": "Если позволяют обстоятельства, лучше оставаться дома и никуда не выходить.",
        "cat_en": "Trips",
        "note_en": "If circumstances permit, it is better to stay at home and not go anywhere.",
        "rate": 2
      },
      {
        "cat_ru": "Переезд",
        "note_ru": "Лучше перенесите на другой лунный день.",
        "cat_en": "Moving",
        "note_en": "Better transfer to another lunar day.",
        "rate": 2
      },
      {
        "cat_ru": "Секс",
        "note_ru": "Лучше знать меру в сексе.",
        "cat_en": "Sex",
        "note_en": "Better to know when to stop in sex.",
        "rate": 3
      },
      {
        "cat_ru": "Рождённые в этот день",
        "note_ru": "Растут нормально и благополучно. На низшем уровне рождаются люди коварные, хитрецы, льстецы, искусно плетущие свои сети, либо неудачники, либо творцы-одиночки, не понятые миром. Но если они победят пороки и гордыню, то обретут мудрость и долголетие. На высшем уровне - это люди с высокими нравственными качествами, самоотверженные, скромные люди, несущие добро и свет.",
        "cat_en": "Born on this day",
        "note_en": "They grow well and normally. At the lowest level, people are born insidious, cunning, flatterers, skillfully weaving their networks, or losers, or lone creators who are not understood by the world. But if they overcome vices and pride, they will gain wisdom and longevity. At the highest level, these are people with high moral qualities, selfless, modest people who bring goodness and light.",
        "rate": 0
      },
      {
        "cat_ru": "Питание",
        "note_ru": "Можно устраивать небольшие застолья.",
        "cat_en": "Nutrition",
        "note_en": "You can arrange small feasts.",
        "rate": 4
      },
      {
        "cat_ru": "Здоровье",
        "note_ru": "Для заболевшего в этот день - плохо, обычно вялотекущая, долгая болезнь. Опасность отравлений. Критический день для психически неуравновешенных.",
        "cat_en": "Health",
        "note_en": "For a sick person on this day, it is bad, usually a sluggish, long illness. Danger of poisoning. A critical day for the mentally unstable.",
        "rate": 2
      },
      {
        "cat_ru": "Стрижка волос",
        "note_ru": "Хороший день - стрижка волос продлит вам жизнь.",
        "cat_en": "Haircut",
        "note_en": "Nice day - cutting your hair will prolong your life.",
        "rate": 5
      },
      {
        "cat_ru": "Характеристика третьей четверти",
        "note_ru": "Возможны нарушения деятельности органов пищеварения, будьте особенно внимательны к своему здоровью, старайтесь в это время не заболеть. Проявляется повышенная половая активность. Энергии много, и она может расходоваться на созидание нового, самосовершенствование. Этот период можно сравнить с наступление половой зрелости. Человек повзрослел и должен сполна осуществить всё, на что он способен. Организм настроен на активность, на выплеск её изнутри. Мы приобретаем внутреннюю свободу и независимость, а потому способны очень на многое. Не упустите этот момент! Потому что дальше - до новолуния - силы будут убывать. На убывающей Луне нужно заканчивать дела, начатые во время Луны растущей. Операции удаются лучше, чем в другое время, почти все домашние работы спорятся. Если кто-то ест больше, чем в иное время, то не прибавляет так быстро в весе. Этот период благоприятен для посадки подземных овощей и неблагоприятен для окулировки плодовых деревьев. Не стоит употреблять острую, жареную пищу, продукты животного происхождения. Желательно есть янскую пищу, а во второй половине фазы побольше свежей, сочной, водянистой, прохладной пищи. Можно употреблять более грубую пищу, чем в 1-й фазе, но переедать нельзя. Если вы правильно вели себя во время предшествующих фаз луны, в третью фазу задуманные дела удаются как нельзя лучше. Всё, за что ни возьмётесь - получается легко: уборка, тяжелый физический или напряженный умственный труд. Впрочем, не переоцените свои возможности - впереди смена лунны",
        "cat_en": "Third quarter characteristic",
        "note_en": "Disorders of the digestive system are possible, be especially careful about your health, try not to get sick at this time. Increased sexual activity is manifested. There is a lot of energy, and it can be spent on creating something new, self-improvement. This period can be compared to the onset of puberty. A person has matured and must fully implement everything that he is capable of. The body is tuned to activity, to splash it out from within. We acquire inner freedom and independence, and therefore are capable of a lot. Don't miss this moment! Because further - until the new moon - the forces will decrease. On the waning moon, you need to finish the business started during the waxing moon. Operations work better than at other times, almost all household chores are controversial. If someone eats more than at other times, then they do not gain weight as quickly. This period is favorable for planting underground vegetables and unfavorable for budding fruit trees. Do not eat spicy, fried food, animal products. It is advisable to eat Yang food, and in the second half of the phase, more fresh, juicy, watery, cool food. You can eat rougher foods than in the 1st phase, but you should not overeat. If you behaved correctly during the previous phases of the moon, in the third phase, the plans you have planned work out as well as possible. Whatever you undertake is easy: cleaning, hard physical or strenuous mental work. However, do not overestimate your capabilities - the change of the moon is ahead.",
        "rate": 0
      }
    ]
  }
]