[
  {
    "filetype": "local",
    "num": "22",
    "data": [
      {
        "title_ru": "День мудрости, получения и использования знаний",
        "cat_ru": "Общие сведения",
        "note_ru": "Неблагоприятный и неудачный день, особый день - происходит энергетический поворот. Однако энергетика этого дня усиливает умственные способности, в этот день особенно хорошо усваиваются новые знания, приходят новые идеи и решения. \n\nЭто лучший день для мудрецов и философов. Следует быть альтруистом, учить других, передавать опыт, готовить учеников, проявлять щедрость или просто накапливать знания. \n\nПрактикуют также исторические поиски и исследование собственных корней, архивные работы. Хорошо посвятить этот день учебе, приобретать навыки и ремесла. \n\nПериод изучения тайного знания и его использования. Сегодня мы обретаем способность читать между строк. \n\nИнформация может приходить даже свыше. Просто наблюдая какую-нибудь сцену на улице, мы способны получить ответ на давно беспокоящий нас вопрос. \n\nРешайте проблемы, добивайтесь своих целей при помощи полученного знания - день благоприятствует этому. Однако помните, что полученные знания можно использовать лишь во благо, иначе они обернутся против вас.",
        "title_en": "Day of wisdom, acquisition and use of knowledge",
        "cat_en": "General information",
        "note_en": "Unfavorable and unlucky day, a special day - an energetic turn takes place. However, the energy of this day enhances mental abilities, on this day new knowledge is especially well absorbed, new ideas and solutions come.\n\nThis is the best day for sages and philosophers. One should be altruistic, teach others, pass on experience, train disciples, show generosity, or simply accumulate knowledge.\n\nThey also practice historical searches and research of their own roots, archival work. It is good to devote this day to study, to acquire skills and crafts.\n\nThe period of study of secret knowledge and its use. Today we are gaining the ability to read between the lines.\n\nInformation can even come from above. Just by observing a scene on the street, we are able to get an answer to a question that has long troubled us.\n\nSolve problems, achieve your goals with the help of the knowledge gained - the day is favorable for this. However, remember that the knowledge gained can only be used for good, otherwise it will turn against you.",
        "rate": 3
      },
      {
        "cat_ru": "Сны",
        "note_ru": "Сны обычно сбываются, особенно цветные. Могут быть откровения во сне. Приносят нам новые знания и информацию о решении проблем. Относитесь к ним внимательно, они помогут измениться в лучшую сторону, если правильно будут поняты.",
        "cat_en": "Dreams",
        "note_en": "Dreams usually come true, especially in color. There may be revelations in a dream. They bring us new knowledge and information about problem solving. Treat them carefully, they will help you change for the better if understood correctly.",
        "rate": 4
      },
      {
        "cat_ru": "Новые дела",
        "note_ru": "Несчастливый день, особенно для новых дел и предприятий.",
        "cat_en": "New cases",
        "note_en": "Unlucky day, especially for new businesses and businesses.",
        "rate": 2
      },
      {
        "cat_ru": "Принятие решений",
        "note_ru": "Неблагоприятный день для принятия решений.",
        "cat_en": "Making decisions",
        "note_en": "Bad day for making decisions.",
        "rate": 2
      },
      {
        "cat_ru": "Бизнес",
        "note_ru": "Можно заниматься делами, но решение важных вопросов лучше перенести.",
        "cat_en": "Business",
        "note_en": "You can do business, but it is better to postpone the decision of important issues.",
        "rate": 3
      },
      {
        "cat_ru": "Деньги",
        "note_ru": "Можно проводить не очень серьёзные финансовые операции.",
        "cat_en": "Money",
        "note_en": "You can carry out not very serious financial transactions.",
        "rate": 3
      },
      {
        "cat_ru": "Недвижимость",
        "note_ru": "Операции с недвижимостью лучше отложить.",
        "cat_en": "Real estate",
        "note_en": "It is better to postpone real estate transactions.",
        "rate": 2
      },
      {
        "cat_ru": "Торговля",
        "note_ru": "Неблагоприятный день для торговли.",
        "cat_en": "Trade",
        "note_en": "Bad day for trading.",
        "rate": 2
      },
      {
        "cat_ru": "Судебные дела",
        "note_ru": "Плохой день для выяснения отношений.",
        "cat_en": "Court cases",
        "note_en": "Bad day for a showdown.",
        "rate": 2
      },
      {
        "cat_ru": "Учёба",
        "note_ru": "Идеальный день для обучения и сдачи экзаменов.",
        "cat_en": "Studies",
        "note_en": "A perfect day to study and pass exams.",
        "rate": 5
      },
      {
        "cat_ru": "Общение с начальством",
        "note_ru": "Контакты с начальством не сулят ничего хорошего.",
        "cat_en": "Communication with superiors",
        "note_en": "Contacts with superiors do not bode well.",
        "rate": 2
      },
      {
        "cat_ru": "Смена работы",
        "note_ru": "Неблагоприятный день для перемены места работы.",
        "cat_en": "Job change",
        "note_en": "Unfavorable day for changing jobs.",
        "rate": 2
      },
      {
        "cat_ru": "Путешествия",
        "note_ru": "Путешествия лучше отложить.",
        "cat_en": "Trips",
        "note_en": "It is better to postpone travel.",
        "rate": 2
      },
      {
        "cat_ru": "Переезд",
        "note_ru": "Переезд лучше отложить.",
        "cat_en": "Moving",
        "note_en": "It is better to postpone the move.",
        "rate": 2
      },
      {
        "cat_ru": "Секс",
        "note_ru": "Лучше знать меру в сексе.",
        "cat_en": "Sex",
        "note_en": "Better to know when to stop in sex.",
        "rate": 3
      },
      {
        "cat_ru": "Рождённые в этот день",
        "note_ru": "Будут одаренными, честными и деятельными людьми, однако часто им свойственен некоторый цинизм. Проживут до глубокой старости. В высшем проявлении - это хранители мудрости, традиций, способные проникать в смысл всех вещей, постигать любую науку. В низшем - консерваторы, отмеченные отсутствием динамики в мировоззрении, убежденные в своей монополии на истину.",
        "cat_en": "Born on this day",
        "note_en": "They will be gifted, honest and active people, but often they are characterized by some cynicism. They will live to a ripe old age. In the highest manifestation, they are the keepers of wisdom, traditions, capable of penetrating into the meaning of all things, comprehending any science. At the lowest - conservatives, marked by a lack of dynamics in the worldview, convinced of their monopoly on truth.",
        "rate": 0
      },
      {
        "cat_ru": "Питание",
        "note_ru": "Идеально подходит для праздничного застолья. Рекомендуется много есть, нагружать желудок. Однако, предпочтительна растительная пища.",
        "cat_en": "Nutrition",
        "note_en": "Ideal for a festive feast. It is recommended to eat a lot, to load the stomach. However, plant foods are preferred.",
        "rate": 5
      },
      {
        "cat_ru": "Здоровье",
        "note_ru": "Для заболевшего день весьма опасный, старайтесь не заболеть, могут быть серьезные последствия.",
        "cat_en": "Health",
        "note_en": "For a sick person, the day is very dangerous, try not to get sick, there can be serious consequences.",
        "rate": 2
      },
      {
        "cat_ru": "Стрижка волос",
        "note_ru": "Стрижка в этот день привлечет к вам возможность приобретения собственности, но можете поправиться и набрать лишний вес.",
        "cat_en": "Haircut",
        "note_en": "A haircut on this day will attract to you the opportunity to acquire property, but you can get better and gain excess weight.",
        "rate": 4
      },
      {
        "cat_ru": "Характеристика третьей четверти",
        "note_ru": "Возможны нарушения деятельности органов пищеварения, будьте особенно внимательны к своему здоровью, старайтесь в это время не заболеть. Проявляется повышенная половая активность. Энергии много, и она может расходоваться на созидание нового, самосовершенствование. Этот период можно сравнить с наступление половой зрелости. Человек повзрослел и должен сполна осуществить всё, на что он способен. Организм настроен на активность, на выплеск её изнутри. Мы приобретаем внутреннюю свободу и независимость, а потому способны очень на многое. Не упустите этот момент! Потому что дальше - до новолуния - силы будут убывать. На убывающей Луне нужно заканчивать дела, начатые во время Луны растущей. Операции удаются лучше, чем в другое время, почти все домашние работы спорятся. Если кто-то ест больше, чем в иное время, то не прибавляет так быстро в весе. Этот период благоприятен для посадки подземных овощей и неблагоприятен для окулировки плодовых деревьев. Не стоит употреблять острую, жареную пищу, продукты животного происхождения. Желательно есть янскую пищу, а во второй половине фазы побольше свежей, сочной, водянистой, прохладной пищи. Можно употреблять более грубую пищу, чем в 1-й фазе, но переедать нельзя. Если вы правильно вели себя во время предшествующих фаз луны, в третью фазу задуманные дела удаются как нельзя лучше. Всё, за что ни возьмётесь - получается легко: уборка, тяжелый физический или напряженный умственный труд. Впрочем, не переоцените свои возможности - впереди смена лунны",
        "cat_en": "Third quarter characteristic",
        "note_en": "Disorders of the digestive system are possible, be especially careful about your health, try not to get sick at this time. Increased sexual activity is manifested. There is a lot of energy, and it can be spent on creating something new, self-improvement. This period can be compared to the onset of puberty. A person has matured and must fully implement everything that he is capable of. The body is tuned to activity, to splash it out from within. We acquire inner freedom and independence, and therefore are capable of a lot. Don't miss this moment! Because further - until the new moon - the forces will decrease. On the waning moon, you need to finish the business started during the waxing moon. Operations work better than at other times, almost all household chores are controversial. If someone eats more than at other times, then they do not gain weight as quickly. This period is favorable for planting underground vegetables and unfavorable for budding fruit trees. Do not eat spicy, fried food, animal products. It is advisable to eat Yang food, and in the second half of the phase, more fresh, juicy, watery, cool food. You can eat rougher foods than in the 1st phase, but you should not overeat. If you behaved correctly during the previous phases of the moon, in the third phase, the plans you have planned work out as well as possible. Whatever you undertake is easy: cleaning, hard physical or strenuous mental work. However, do not overestimate your capabilities - the change of the moon is ahead.",
        "rate": 0
      }
    ]
  }
]