[
  {
    "filetype": "local",
    "num": "11",
    "data": [
      {
	    "title_ru": "День победы и бессмертия Один из лучших дней месяца.",
        "cat_ru": "Общие сведения",
        "note_ru": "Возрастает жизненность, сексуальный потенциал. Считается самым активным и мощным из всего лунного цикла, т. к. связан с энергией Кундалини (божества, олицетворяющего половую энергию), ее включением и трансформацией. В человеке пробуждается огромная сила, которую нужно направить на созидание. Тем, кто хорошо подготовлен, можно проводить некоторые очистительные процедуры. Тем, кто мало знает, лучше не заниматься серьезными предметами. День осторожности и внимательность во всех делах. Если есть сомнения в своих силах, энергетика дня может овладеть нами и будет кидать из стороны в строну, тогда день станет совсем непредсказуемым. Могут ощущаться резкие всплески осознания или физической силы. Но не обольщайтесь, они так же внезапно исчезают. День предназначен только для очищения как на полевом, так и на физическом уровне. Желательно не брать в руки колющие и режущие инструменты, даже хлеб лучше ломать руками. День хорош для молитвы. Убийство любой живой твари в этот день противопоказано. Необходимо осторожно обращаться с насекомыми. В этот день ушедший из жизни человек будет долго жить в памяти своих близких, своего народа или даже всего человечества.",
	    "title_en": "Victory and Immortality Day One of the best days of the month.",
        "cat_en": "General information",
        "note_en": "Vitality, sexual potential increases. It is considered the most active and powerful of the entire lunar cycle, since it is associated with the energy of Kundalini (the deity who personifies sexual energy), its inclusion and transformation. A huge force awakens in a person, which must be directed to creation. For those who are well prepared, some cleansing procedures can be performed. For those who know little, it is better not to deal with serious subjects. Day of caution and attentiveness in all matters. If there are doubts about our abilities, the energy of the day can take possession of us and will throw from side to side, then the day will become completely unpredictable. Sudden bursts of awareness or physical strength may be felt. But do not flatter yourself, they disappear just as suddenly. The day is intended only for cleansing, both on the field and on the physical level. It is advisable not to pick up piercing and cutting tools, it is even better to break bread with your hands. The day is good for prayer. The killing of any living creature on this day is contraindicated. Handle insects with care. On this day, a person who has passed away will live for a long time in the memory of his loved ones, his people, or even all of humanity.",
        "rate": 5
      },
      {
        "cat_ru": "Сны",
        "note_ru": "Сны очень часто несут полезную информацию, бывают вещими и почти все исполняются.",
        "cat_en": "Dreams",
        "note_en": "Dreams very often carry useful information, are prophetic and almost all are fulfilled.",
        "rate": 3
      },
      {
        "cat_ru": "Новые дела",
        "note_ru": "Хорош для окончания каких-либо дел и не благоприятен для начинаний. Все дела, начатые в этот день, обязательно следует довести до конца, но не стоит заниматься незнакомой деятельностью. Крупные дела не начинайте - вероятен убыток.",
        "cat_en": "New cases",
        "note_en": "Good for finishing things and not good for getting started. All business started on this day must be completed, but you should not engage in unfamiliar activities. Do not start big business - a loss is likely.",
        "rate": 3
      },
      {
        "cat_ru": "Принятие решений",
        "note_ru": "Рекомендуется осторожность и внимательность.",
        "cat_en": "Making decisions",
        "note_en": "Caution and attentiveness is recommended.",
        "rate": 3
      },
      {
        "cat_ru": "Бизнес",
        "note_ru": "Лучше не заниматься делами, возможны потери.",
        "cat_en": "Business",
        "note_en": "Better not to do business, losses are possible.",
        "rate": 2
      },
      {
        "cat_ru": "Деньги",
        "note_ru": "Финансовыми вопросами лучше не заниматься.",
        "cat_en": "Money",
        "note_en": "It is better not to deal with financial issues.",
        "rate": 2
      },
      {
        "cat_ru": "Недвижимость",
        "note_ru": "Заниматься недвижимостью не стоит.",
        "cat_en": "Real estate",
        "note_en": "Do not deal with real estate.",
        "rate": 2
      },
      {
        "cat_ru": "Торговля",
        "note_ru": "Неблагоприятный день для торговли.",
        "cat_en": "Trade",
        "note_en": "Bad day for trading.",
        "rate": 2
      },
      {
        "cat_ru": "Судебные дела",
        "note_ru": "Перенесите выяснение отношений на другой день.",
        "cat_en": "Court cases",
        "note_en": "Reschedule the showdown to another day.",
        "rate": 2
      },
      {
        "cat_ru": "Учёба",
        "note_ru": "Можно продолжать обучение, но экзамены лучше отложить.",
        "cat_en": "Studies",
        "note_en": "You can continue studying, but it is better to postpone the exams.",
        "rate": 2
      },
      {
        "cat_ru": "Общение с начальством",
        "note_ru": "Контакты с начальством не сулят ничего хорошего.",
        "cat_en": "Communication with superiors",
        "note_en": "Contacts with superiors do not bode well.",
        "rate": 2
      },
      {
        "cat_ru": "Смена работы",
        "note_ru": "Подходит для смены работы.",
        "cat_en": "Job change",
        "note_en": "Suitable for job change.",
        "rate": 3
      },
      {
        "cat_ru": "Путешествия",
        "note_ru": "Особенно хороший период для начала долгого путешествия.",
        "cat_en": "Trips",
        "note_en": "This is an especially good time to start a long journey.",
        "rate": 5
      },
      {
        "cat_ru": "Переезд",
        "note_ru": "Счастливый день для переезда.",
        "cat_en": "Moving",
        "note_en": "Happy moving day.",
        "rate": 5
      },
      {
        "cat_ru": "Секс",
        "note_ru": "Лучше знать меру в сексе.",
        "cat_en": "Sex",
        "note_en": "Better to know when to stop in sex.",
        "rate": 0
      },
      {
        "cat_ru": "Рождённые в этот день",
        "note_ru": "Будут наделены хорошими умственными способностями, проживут счастливую, плодотворную жизнь и доживут до глубокой старости. Они очень сильны, талантливы, остроумны, практически непредсказуемы, носят в себе тайну человеческой оккультной мощи, часто себе на беду. Таких людей часто кусают собаки, осы и пр.",
        "cat_en": "Born on this day",
        "note_en": "They will be endowed with good mental abilities, live a happy, fruitful life, and live to a ripe old age. They are very strong, talented, witty, practically unpredictable, they carry the secret of human occult power, often to their misfortune. Such people are often bitten by dogs, wasps, etc.",
        "rate": 5
      },
      {
        "cat_ru": "Питание",
        "note_ru": "Хорошо сегодня поголодать, но можно устроить небольшое застолье.",
        "cat_en": "Nutrition",
        "note_en": "It's good to starve today, but you can have a small feast.",
        "rate": 0
      },
      {
        "cat_ru": "Здоровье",
        "note_ru": "Болезни этого дня могут стать опасными. Заболевания этого дня опасны прежде всего для женщин. Для мужчин они обычно незначительны. Не рекомендуется активизировать лечебное воздействие на больного. Не рекомендуется пассивность и сидячий образ жизни. Однако и сильно перегружать себя в этот день также не следует. Большая вероятность получения травм. День хорош для начала голодания",
        "cat_en": "Health",
        "note_en": "Diseases of this day can become dangerous. Diseases of this day are dangerous primarily for women. For men, they are usually insignificant. It is not recommended to intensify the therapeutic effect on the patient. Passivity and a sedentary lifestyle are not recommended. However, you should not overload yourself on this day either. High likelihood of injury. A good day to start fasting.",
        "rate": 0
      },
      {
        "cat_ru": "Стрижка волос",
        "note_ru": "Cтрижка принесет остроту чувств, увеличит ваши способности к предвидению и проницательность ума.",
        "cat_en": "Haircut",
        "note_en": "A haircut will bring sharpness to the senses, increase your foresight and discernment of mind.",
        "rate": 4
      },
      {
        "cat_ru": "Характеристика второй четверти",
        "note_ru": "Возможны острые заболевания, стрессы, ограничьте прием лекарств, полностью исключите алкоголь. Нервная система наиболее напряжена и раздражима, в связи с этим желательно не ходить без головного убора и не спать под прямым лунным светом. Меньше физических нагрузок — от средней нагрузки и к полнолунию — малой. Для людей полных необходимы теплые ванны, а для худощавых хороши горячие ванны и парная на 9 и 10-й лунные дни. Рекомендуются прохладные и холодные обливания в начале периода умеренно и в конце периода усиленно (сначала на ступни ног и далее вверх до головы). За сутки до полнолуния и в полнолуние желательно отказаться от проведения хирургических вмешательств. Хирургические операции сопровождаются в полнолуние значительными кровопотерями. Инфекционные заболевания бактериальной природы часто начинаются утром, в полнолуние. Полнолуние — травмоопасный период, случаются частые отравления, обостряется сексуальная чувствительность, уход энергии от мужчины к женщине, действие лекарственных средств выражено максимально — отмечается 100-процентное усвоение лекарственных, наркотических средств, алкоголя, сильнее проявляется их побочное действие, рекомендуется меньше делать энергетических потерь, нежелательны танцы и прыжки. Очень осторожно принимать лекарственные средства. Празднества и свадьбы нежелательны. Очистительные процедуры во II-й фазе наиболее благоприятны. В первой трети периода (8, 9, 10-й лунные дни), особенно в 9-й хорошо проводить очищение от шлаков. Во второй трети п",
        "cat_en": "Second quarter characteristic",
        "note_en": "Possible acute illness, stress, limit medication, completely exclude alcohol. The nervous system is the most tense and irritable, in this regard, it is advisable not to go without a headdress and not sleep under direct moonlight. Less physical activity - from medium load and to the full moon - small. For overweight people, warm baths are needed, and for thin people, hot baths and a steam room on the 9th and 10th lunar days are good. Cool and cold douches are recommended at the beginning of the period moderately and at the end of the period intensely (first on the feet and then up to the head). The day before the full moon and on the full moon, it is advisable to refuse surgical interventions. Surgical operations are accompanied by significant blood loss during the full moon. Infectious diseases of a bacterial nature often begin in the morning, on a full moon. The full moon is a traumatic period, frequent poisoning occurs, sexual sensitivity is aggravated, energy leaves a man to a woman, the effect of drugs is expressed as much as possible - there is a 100% absorption of drugs, drugs, alcohol, their side effects are more pronounced, it is recommended to make less energy losses, dancing and jumping are undesirable. Take medicines very carefully. Celebrations and weddings are not desirable. Cleaning procedures in the II-nd phase are the most favorable. In the first third of the period (8, 9, 10 lunar days), especially in the 9th, it is good to carry out cleansing from toxins. In the second third of p",
        "rate": 0
      }
    ]
  }
]
