[
  {
    "filetype": "local",
    "num": "14",
    "data": [
      {
	    "title_ru": "День призыва День сильных, решительных действий",
        "cat_ru": "Общие сведения",
        "note_ru": "Именно сегодня можно сделать шаг, решающий исход всего дела. Или сделать первый шаг в серьёзном деле. Не распыляйтесь на мелочи. Посвятите день самому важному. Практикуют мощь, реальные действия в физическом мире. День начинаний важных этапов совершенствования. Многое удается. Рекомендуется работа с информацией. Молиться можно, но не очень усердно. Полезна работа со священными текстами. Идет получение тайного знания, у человека может открыться третий глаз (если на это направлены усилия). Нельзя заниматься любой магической деятельностью. В этот день часто наваливается печаль, меланхолия, скорбь и тоска. Происходит много самоубийств, наблюдается мания преследования. В этот день нужно обращать внимание на знаки, сигналы и приметы, приходящие к вам. Надо внимательно прислушиваться к советам, которые вам дают. Даже советы незнакомых людей в этот день могут быть полезными.",
	    "title_en": "Day of conscription Day of strong, decisive action",
        "cat_en": "General information",
        "note_en": "It is today that you can take a step that will decide the outcome of the whole case. Or take the first step in a serious matter. Do not spray on small things. Dedicate your day to the most important things. Practicing power, real action in the physical world. Day of beginnings of important stages of improvement. Many things work out. Working with information is recommended. You can pray, but not very hard. It is useful to work with sacred texts. Secret knowledge is being obtained, a third eye may open in a person (if efforts are directed at this). You cannot engage in any magical activity. On this day, sadness, melancholy, grief and longing often come. There are many suicides and persecution mania. On this day, you need to pay attention to the signs, signals and signs that come to you. You need to listen carefully to the advice that you are given. Even the advice of strangers on this day can be helpful.",
        "rate": 5
      },
      {
        "cat_ru": "Сны",
        "note_ru": "Сны сомнительны и не сбываются. Может присниться грустный сон, но не придавайте ему большого значения, он не несет важной инфорамции.",
        "cat_en": "Dreams",
        "note_en": "Dreams are dubious and never come true. You may have a sad dream, but do not attach much importance to it, it does not carry important information.",
        "rate": 0
      },
      {
        "cat_ru": "Новые дела",
        "note_ru": "Начало любого важного дела перенесите на этот день. Начатые в этот день дела обычно удаются.",
        "cat_en": "New cases",
        "note_en": "Reschedule the beginning of any important business to this day. Things started on this day are usually successful.",
        "rate": 5
      },
      {
        "cat_ru": "Принятие решений",
        "note_ru": "Если вы пропустите этот день - вы потеряете месяц.",
        "cat_en": "Making decisions",
        "note_en": "If you miss this day, you will lose a month.",
        "rate": 5
      },
      {
        "cat_ru": "Бизнес",
        "note_ru": "Счастливый для почти всех дел, особенно для важных, глобальных, долговременных.",
        "cat_en": "Business",
        "note_en": "Happy for almost all things, especially for important, global, long-term.",
        "rate": 5
      },
      {
        "cat_ru": "Деньги",
        "note_ru": "День специально предназначен для финансовых операций. Хорош для игр.",
        "cat_en": "Money",
        "note_en": "The day is specially designed for financial transactions. Good for gaming.",
        "rate": 5
      },
      {
        "cat_ru": "Недвижимость",
        "note_ru": "Можно производить любые операции с недвижимостью.",
        "cat_en": "Real estate",
        "note_en": "You can carry out any real estate transactions.",
        "rate": 5
      },
      {
        "cat_ru": "Торговля",
        "note_ru": "Можно производить любые операции.",
        "cat_en": "Trade",
        "note_en": "Any operations can be performed.",
        "rate": 5
      },
      {
        "cat_ru": "Судебные дела",
        "note_ru": "Нехорошо для судов и разводов. Дело пройдёт удачно, но возможны последствия. Преступления этого дня раскрываются.",
        "cat_en": "Court cases",
        "note_en": "Not good for courts and divorces. The matter will go well, but the consequences are possible. The crimes of this day are revealed.",
        "rate": 2
      },
      {
        "cat_ru": "Учёба",
        "note_ru": "Очень хорошо обучаться или сдавать экзамены.",
        "cat_en": "Studies",
        "note_en": "Very good at studying or passing exams.",
        "rate": 5
      },
      {
        "cat_ru": "Общение с начальством",
        "note_ru": "Удачное время для общения с начальством.",
        "cat_en": "Communication with superiors",
        "note_en": "A good time to communicate with your boss.",
        "rate": 5
      },
      {
        "cat_ru": "Смена работы",
        "note_ru": "Идеально подходит для смены работы.",
        "cat_en": "Job change",
        "note_en": "Ideal for job change.",
        "rate": 5
      },
      {
        "cat_ru": "Путешествия",
        "note_ru": "День удачен для поездок и командировок. Луна содействует всем путешественникам. Прекрасно находиться в дороге.",
        "cat_en": "Trips",
        "note_en": "The day is good for travel and business trips. The moon favors all travelers. It's great to be on the road.",
        "rate": 4
      },
      {
        "cat_ru": "Переезд",
        "note_ru": "Хороший день для переезда.",
        "cat_en": "Moving",
        "note_en": "Nice day to move.",
        "rate": 4
      },
      {
        "cat_ru": "Секс",
        "note_ru": "Искушения большие - тянет к противоположному полу, но необходимо знать меру в сексе.",
        "cat_en": "Sex",
        "note_en": "Temptations are great - attracts to the opposite sex, but you need to know when to stop in sex.",
        "rate": 3
      },
      {
        "cat_ru": "Рождённые в этот день",
        "note_ru": "Как правило, судьба будет им покровительствовать. Они имеют призвание. Для них характерны тоска по авторитету, приспосабливаемость, способность маскироваться, ум и хитрость, умение увлечь за собой. Они готовы на подвиг, внутренне чисты, скорее стерильны, весьма брезгливы.",
        "cat_en": "Born on this day",
        "note_en": "As a rule, fate will patronize them. They have a calling. They are characterized by a longing for authority, adaptability, the ability to disguise, intelligence and cunning, the ability to carry along. They are ready for a feat, inwardly clean, rather sterile, very squeamish.",
        "rate": 4
      },
      {
        "cat_ru": "Питание",
        "note_ru": "Воздержитесь от переедания. В этот день любая жидкость несет загрязнение, а потому день весьма удачен для сухого голодания. Следует есть побольше миндаля и соленых продуктов, отказаться от горького и сладкого.",
        "cat_en": "Nutrition",
        "note_en": "Refrain from overeating. On this day, any liquid carries pollution, and therefore the day is very successful for dry fasting. You should eat plenty of almonds and salty foods, give up bitter and sweet foods.",
        "rate": 0
      },
      {
        "cat_ru": "Здоровье",
        "note_ru": "Болезни этого дня обычно быстро и легко проходят. Рекомендуется очищение кишечника от ядов и отходов. Не следует перегружать зрение.",
        "cat_en": "Health",
        "note_en": "The illnesses of this day usually pass quickly and easily. It is recommended to cleanse the intestines from poisons and waste. You should not overload your vision.",
        "rate": 0
      },
      {
        "cat_ru": "Стрижка волос",
        "note_ru": "Cтрижка привлечет улучшение деятельности, финансового положения, увеличение собственности и благорасположение начальства.",
        "cat_en": "Haircut",
        "note_en": "A haircut will attract improved performance, financial position, increased property and the welfare of the bosses.",
        "rate": 5
      },
      {
        "cat_ru": "Характеристика второй четверти",
        "note_ru": "Возможны острые заболевания, стрессы, ограничьте прием лекарств, полностью исключите алкоголь. Нервная система наиболее напряжена и раздражима, в связи с этим желательно не ходить без головного убора и не спать под прямым лунным светом. Меньше физических нагрузок — от средней нагрузки и к полнолунию — малой. Для людей полных необходимы теплые ванны, а для худощавых хороши горячие ванны и парная на 9 и 10-й лунные дни. Рекомендуются прохладные и холодные обливания в начале периода умеренно и в конце периода усиленно (сначала на ступни ног и далее вверх до головы). За сутки до полнолуния и в полнолуние желательно отказаться от проведения хирургических вмешательств. Хирургические операции сопровождаются в полнолуние значительными кровопотерями. Инфекционные заболевания бактериальной природы часто начинаются утром, в полнолуние. Полнолуние — травмоопасный период, случаются частые отравления, обостряется сексуальная чувствительность, уход энергии от мужчины к женщине, действие лекарственных средств выражено максимально — отмечается 100-процентное усвоение лекарственных, наркотических средств, алкоголя, сильнее проявляется их побочное действие, рекомендуется меньше делать энергетических потерь, нежелательны танцы и прыжки. Очень осторожно принимать лекарственные средства. Празднества и свадьбы нежелательны. Очистительные процедуры во II-й фазе наиболее благоприятны. В первой трети периода (8, 9, 10-й лунные дни), особенно в 9-й хорошо проводить очищение от шлаков. Во второй трети п",
        "cat_en": "Second quarter characteristic",
        "note_en": "Possible acute illness, stress, limit medication, completely exclude alcohol. The nervous system is the most tense and irritable, in this regard, it is advisable not to go without a headdress and not sleep under direct moonlight. Less physical activity - from medium load and to the full moon - small. For overweight people, warm baths are needed, and for thin people, hot baths and a steam room on the 9th and 10th lunar days are good. Cool and cold douches are recommended at the beginning of the period moderately and at the end of the period intensely (first on the feet and then up to the head). The day before the full moon and on the full moon, it is advisable to refuse surgical interventions. Surgical operations are accompanied by significant blood loss during the full moon. Infectious diseases of a bacterial nature often begin in the morning, on a full moon. The full moon is a traumatic period, frequent poisoning occurs, sexual sensitivity is aggravated, energy leaves a man to a woman, the effect of drugs is expressed as much as possible - there is a 100% absorption of drugs, drugs, alcohol, their side effects are more pronounced, it is recommended to make less energy losses, dancing and jumping are undesirable. Take medicines very carefully. Celebrations and weddings are not desirable. Cleaning procedures in the II-nd phase are the most favorable. In the first third of the period (8, 9, 10 lunar days), especially in the 9th, it is good to carry out cleansing from toxins. In the second third of p",
        "rate": 0
      }
    ]
  }
]