[
  {
    "filetype": "local",
    "num": "15",
    "data": [
      {
	    "title_ru": "Будьте осторожны, отдохните",
        "cat_ru": "Общие сведения",
        "note_ru": "Критический день перед полнолунием, когда активизируется внутреннее начало каждого человека, поддающееся земным соблазнам. В этот день следует защитить себя, практиковать любые формы аскетизма, побеждать свою плоть для того, чтобы быть чистым (иначе разрушается астрал). День искушений, обмана, иллюзий и грехов. Нельзя ругаться, принимать подарки. \n\n**Сатанинский день, день Анубиса, астральных битв**. В некоторых текстах его относят к искусителю Ариману (Ангро-Майнью или Ахра-Майнью) - духу плоти, который расслабляет человека, делает его податливым, внушаемым, ленивым, поддающимся любым земным соблазнам. Может принести кратковременное блаженство, которое сменит горькое разочарование, что особенно характерно для любви и интима. Сегодня энергии не меньше, чем вчера. Но нам очень трудно её правильно использовать. А перерасходовать очень просто. Проявите осторожность. Будьте внимательны к себе. Постарайтесь блюсти внутренний покой. Обратите внимание на окружающих - в этот день можно наблюдать очень много ссор. Полезно защищать справедливость. Если полнолуние приходится на 15-й день Луны, то следующие две недели будут взбудораженные и взвинченные в эмоциональном отношении. А если на 16-й день – наоборот, будет мир, спокойствие, умиротворение, духовное возвышение, удовлетворенность, равновесие.",
	    "title_en": "Be careful, rest on the Critical day before the full moon",
        "cat_en": "General information",
        "note_en": "When the inner principle of each person is activated, giving in to earthly temptations. On this day, you should protect yourself, practice any form of asceticism, conquer your flesh in order to be clean (otherwise the astral is destroyed). Day of temptations, deception, illusions and sins. You can't swear, accept gifts. Satanic day, day of Anubis, astral battles. In some texts, he is referred to as the tempter Ahriman (Angro-Mainyu or Ahra-Mainyu) - the spirit of the flesh that relaxes a person, makes him pliable, suggestible, lazy, succumbing to any earthly temptations. It can bring short-term bliss, which will replace bitter disappointment, which is especially characteristic of love and intimacy. Energy today is no less than yesterday. But it is very difficult for us to use it correctly. And it is very easy to overspend. Be careful. Be attentive to yourself. Try to maintain inner peace. Pay attention to those around you - on this day you can observe a lot of quarrels. It is helpful to defend justice. If the full moon falls on the 15th day of the moon, then the next two weeks will be agitated and emotionally worked up. And if on the 16th day - on the contrary, there will be peace, tranquility, tranquility, spiritual elevation, contentment, balance.",
        "rate": 3
      },
      {
        "cat_ru": "Сны",
        "note_ru": "Это день тяжелых снов и кошмаров. Они рассказывают о наших внутренних проблемах и часто дают подсказку к их разрешению. Сны, снившиеся в пятнадцатый день обычно вещие (на месяц) и почти всегда исполняются, особенно цветные.",
        "cat_en": "Dreams",
        "note_en": "This is a day of heavy dreams and nightmares. They talk about our inner problems and often give hints to resolve them. Dreams dreamed on the fifteenth day are usually prophetic (for a month) and are almost always fulfilled, especially in color.",
        "rate": 0
      },
      {
        "cat_ru": "Новые дела",
        "note_ru": "Важных дел в этот день начинать не рекомендуется. Начатые дела обычно дают обратные результаты.",
        "cat_en": "New cases",
        "note_en": "It is not recommended to start important things on this day. Business started usually backfire.",
        "rate": 2
      },
      {
        "cat_ru": "Принятие решений",
        "note_ru": "Неудачный день для принятия решений.",
        "cat_en": "Making decisions",
        "note_en": "Bad day for making decisions.",
        "rate": 2
      },
      {
        "cat_ru": "Бизнес",
        "note_ru": "Крайне неудачный день для бизнеса. Дела в любой момент могут встретить препятствие.",
        "cat_en": "Business",
        "note_en": "A very bad day for business. Business at any time can be hindered.",
        "rate": 1
      },
      {
        "cat_ru": "Деньги",
        "note_ru": "Держитесь от финансовых вопросов подальше.",
        "cat_en": "Money",
        "note_en": "Stay away from financial matters.",
        "rate": 2
      },
      {
        "cat_ru": "Недвижимость",
        "note_ru": "Заниматься недвижимостью не стоит.",
        "cat_en": "Real estate",
        "note_en": "Do not deal with real estate.",
        "rate": 2
      },
      {
        "cat_ru": "Торговля",
        "note_ru": "Неблагоприятный день для торговли.",
        "cat_en": "Trade",
        "note_en": "Bad day for trading.",
        "rate": 2
      },
      {
        "cat_ru": "Судебные дела",
        "note_ru": "Споры сегодня неуместны.",
        "cat_en": "Court cases",
        "note_en": "Disputes are irrelevant today.",
        "rate": 3
      },
      {
        "cat_ru": "Учёба",
        "note_ru": "Обучение продвигается с трудом. Лучше перенести на другой день.",
        "cat_en": "Studies",
        "note_en": "Learning is progressing with difficulty. Better to reschedule to another day.",
        "rate": 2
      },
      {
        "cat_ru": "Общение с начальством",
        "note_ru": "Держитесь от начальства подальше.",
        "cat_en": "Communication with superiors",
        "note_en": "Stay away from your boss.",
        "rate": 2
      },
      {
        "cat_ru": "Смена работы",
        "note_ru": "Лучше перенести смену места работы на другой лунный день.",
        "cat_en": "Job change",
        "note_en": "Better to postpone the change of job to another lunar day.",
        "rate": 2
      },
      {
        "cat_ru": "Путешествия",
        "note_ru": "Не очень благоприятный для путешествий лунный день.",
        "cat_en": "Trips",
        "note_en": "Not a very favorable lunar day for travel.",
        "rate": 3
      },
      {
        "cat_ru": "Переезд",
        "note_ru": "Неблагоприятный день для переезда.",
        "cat_en": "Moving",
        "note_en": "Unfavorable day for moving.",
        "rate": 2
      },
      {
        "cat_ru": "Секс",
        "note_ru": "Плох для секса и семьи. Хотя сегодня секс особенно сладостен, он несёт опустошение. После бурной ночи можно весь оставшийся месяц чувствовать себя тенью. Приветствуется воздержание.",
        "cat_en": "Sex",
        "note_en": "Bad for sex and family. Although sex is especially sweet today, it is devastating. After a stormy night, you can feel like a shadow for the rest of the month. Abstinence is encouraged.",
        "rate": 2
      },
      {
        "cat_ru": "Рождённые в этот день",
        "note_ru": "Как правило, имеют хитрую натуру, ибо рождены под влиянием астрального змея. Крепки здоровьем, наделены долголетием и талантами, однако по своей вине весьма несчастливы, многострастны, плохо учатся. Часто бывают слишком влюбчивыми, отчего могут сильно пострадать как морально, так и материально. Поддаются всем астральным и плотским искушениям. Часто очень талантливы. Им показаны любые виды аскезы.",
        "cat_en": "Born on this day",
        "note_en": "As a rule, they have a cunning nature, for they were born under the influence of an astral serpent. They are strong in health, endowed with longevity and talents, but through their own fault they are very unhappy, multi-passionate, and do not study well. They are often too amorous, which is why they can suffer greatly both morally and financially. Give in to all astral and carnal temptations. They are often very talented. Any kind of austerity is shown to them.",
        "rate": 0
      },
      {
        "cat_ru": "Питание",
        "note_ru": "Сегодня лучше забыть о застолье, пищевое воздержание приветствуется. Пища хороша как острая, так и постная, горячая. Запрещается мясо в любом виде, откажитесь от молочных продуктов. Желательно есть калину - для улучшения памяти, укрощения своей низменной природы. Рекомендуется японская кухня: бобовые, ячмень. Нельзя есть яблоки (слишком иньская пища).",
        "cat_en": "Nutrition",
        "note_en": "Today it is better to forget about the feast, food abstinence is encouraged. Food is good, both spicy and lean, hot. Meat in any form is prohibited, give up dairy products. It is advisable to eat viburnum - to improve memory, tame your base nature. Recommended Japanese cuisine: legumes, barley. Do not eat apples (too yin food).",
        "rate": 0
      },
      {
        "cat_ru": "Здоровье",
        "note_ru": "Заболевшем, за исход своей болезни скорее всего не стоит беспокоиться - она скорее всего пройдет быстро, легко и без каких-либо последствий, но желательно отказаться от проведения хирургических вмешательств. Перегружена гормональная и регуляторная функции. Возможны приступы истерии, фобии. Травмоопасный день.",
        "cat_en": "Health",
        "note_en": "If you are ill, most likely you should not worry about the outcome of your illness - it will most likely pass quickly, easily and without any consequences, but it is advisable to abandon surgical interventions. Hormonal and regulatory functions are overloaded. Attacks of hysteria, phobias are possible. Traumatic day.",
        "rate": 0
      },
      {
        "cat_ru": "Стрижка волос",
        "note_ru": "Безопаснее воздержаться от стрижки, так как возможны нарушения психики в результате стрижки, повышение давления, головные боли и появление чувства страха.",
        "cat_en": "Haircut",
        "note_en": "It is safer to refrain from cutting, as mental disorders as a result of cutting, increased pressure, headaches and the appearance of a feeling of fear are possible.",
        "rate": 2
      },
      {
        "cat_ru": "Характеристика второй четверти",
        "note_ru": "Возможны острые заболевания, стрессы, ограничьте прием лекарств, полностью исключите алкоголь. Нервная система наиболее напряжена и раздражима, в связи с этим желательно не ходить без головного убора и не спать под прямым лунным светом. Меньше физических нагрузок — от средней нагрузки и к полнолунию — малой. Для людей полных необходимы теплые ванны, а для худощавых хороши горячие ванны и парная на 9 и 10-й лунные дни. Рекомендуются прохладные и холодные обливания в начале периода умеренно и в конце периода усиленно (сначала на ступни ног и далее вверх до головы). За сутки до полнолуния и в полнолуние желательно отказаться от проведения хирургических вмешательств. Хирургические операции сопровождаются в полнолуние значительными кровопотерями. Инфекционные заболевания бактериальной природы часто начинаются утром, в полнолуние. Полнолуние — травмоопасный период, случаются частые отравления, обостряется сексуальная чувствительность, уход энергии от мужчины к женщине, действие лекарственных средств выражено максимально — отмечается 100-процентное усвоение лекарственных, наркотических средств, алкоголя, сильнее проявляется их побочное действие, рекомендуется меньше делать энергетических потерь, нежелательны танцы и прыжки. Очень осторожно принимать лекарственные средства. Празднества и свадьбы нежелательны. Очистительные процедуры во II-й фазе наиболее благоприятны. В первой трети периода (8, 9, 10-й лунные дни), особенно в 9-й хорошо проводить очищение от шлаков. Во второй трети п",
        "cat_en": "Second quarter characteristic",
        "note_en": "Possible acute illness, stress, limit medication, completely exclude alcohol. The nervous system is the most tense and irritable, in this regard, it is advisable not to go without a headdress and not sleep under direct moonlight. Less physical activity - from medium load and to the full moon - small. For overweight people, warm baths are needed, and for thin people, hot baths and a steam room on the 9th and 10th lunar days are good. Cool and cold douches are recommended at the beginning of the period moderately and at the end of the period intensely (first on the feet and then up to the head). The day before the full moon and on the full moon, it is advisable to refuse surgical interventions. Surgical operations are accompanied by significant blood loss during the full moon. Infectious diseases of a bacterial nature often begin in the morning, on a full moon. The full moon is a traumatic period, frequent poisoning occurs, sexual sensitivity is aggravated, energy withdrawal from man to woman, the effect of drugs is maximally expressed - 100% absorption of drugs, drugs, alcohol is noted, their side effects are more pronounced, it is recommended to make less energy losses, dancing and jumping are undesirable. Take medicines very carefully. Celebrations and weddings are not desirable. Cleaning procedures in the II-nd phase are the most favorable. In the first third of the period (8, 9, 10 lunar days), especially in the 9th, it is good to purify from toxins. In the second third of the",
        "rate": 0
      }
    ]
  }
]
