[
  {
    "filetype": "local",
    "num": "16",
    "data": [
      {
	    "title_ru": "",
        "cat_ru": "Общие сведения",
        "note_ru": "Шестнадцатый лунный день один из светлых и чистых дней. Характеризуется такими свойствами, как равновесие, гармония, умеренность, спокойствие. Хорошо, если вы будете следовать этим качествам и стремиться к чистоте мыслей и желаний. День проходит под символами Голубя и Бабочки, олицетворяющих одно - душу, переход из одного состояния в другое. Помимо этого день связан со знаком Весы, означающего равновесие, противопоставление телесным чувствам духовного начала. И это в полной мере отражается на настроении дня.\n\nВ шестнадцатый день лунного месяца лучше всего посвятить духовному поиску и совершенствованию, оставив активность на другие дни. Это очень благоприятный период для проведения различных практик, развивающих не только сознание, но и способность контролировать свою энергетику, направляя ее в нужное русло. День предназначен для созерцания, медитации, стремления к свету, гармонии, как внутренней, так и внешней, к умиротворению, душевному комфорту.\n\nЭто день духовного роста, очищения, обновления и перерождения. В шестнадцатый лунный день хорошо обращаться к своей светлой стороне и развивать в себе такие качества, как доброта, справедливость, терпимость, кротость, смирение, любовь, прощение.",
	    "title_en": "",
        "cat_en": "General information",
        "note_en": "The sixteenth lunar day is one of the brightest and purest days. It is characterized by such properties as balance, harmony, moderation, calmness. It is good if you follow these qualities and strive for purity of thoughts and desires. The day passes under the symbols of the Dove and the Butterfly, personifying one thing - the soul, the transition from one state to another. In addition, the day is associated with the sign of Libra, meaning balance, opposing the bodily feelings of the spiritual principle. And this is fully reflected in the mood of the day.\n\nOn the sixteenth day of the lunar month, it is best to devote to spiritual search and improvement, leaving activity for other days. This is a very favorable period for carrying out various practices that develop not only consciousness, but also the ability to control your energy, directing it in the right direction. The day is intended for contemplation, meditation, striving for light, harmony, both internal and external, for pacification, spiritual comfort.\n\nThis is a day of spiritual growth, purification, renewal and rebirth. On the sixteenth lunar day, it is good to turn to your bright side and develop such qualities as kindness, justice, tolerance, meekness, humility, love, forgiveness. ",
        "rate": 4
      },
      {
        "cat_ru": "Сны",
        "note_ru": "В шестнадцатый лунный день происходит очищение организма не только на физическом плане, но и на духовном. Именно поэтому дается столько рекомендаций - уделить ему свое внимание. Все нерешенные проблемы, а также трудности на пути саморазвития, подсознание выпускает на поверхность, в момент сна.\n\nСновидения шестнадцатого лунного дня, практически никакой информации не несут, и по большей части предназначены для отдыха и восстановления сил. Особенно хорошим знаком служит приятный и спокойный сон. Это значит, что вы верно распределяете свою энергию и придерживаетесь правильного направления в своей жизни. У вас все складывается удачно\n\nНо если, в этот лунный день вам снятся беспокойные и тревожные сны, значит, вам что то мешает расслабиться. Вероятно какие-то накопившиеся проблемы ищут выхода. В этом случае, лучше обратить внимание на сон, и постараться истолковать его. Возможно вы поймете, что явилось результатом вашего напряжения и в таком случае, сможете вернуть потерянное равновесие.",
        "cat_en": "Dreams",
        "note_en": "On the sixteenth lunar day, the body is cleansed not only on the physical plane, but also on the spiritual. That is why so many recommendations are given - to give it your attention. All unresolved problems, as well as difficulties on the path of self-development, the subconsciousness releases to the surface at the time of sleep. \n\nDreams of the sixteenth lunar day, practically do not carry any information, and for the most part are intended for rest and recuperation. A particularly good sign is a pleasant and restful sleep. This means that you correctly distribute your energy and adhere to the right direction in your life. Everything is going well for you \n\nBut if, on this lunar day, you have restless and disturbing dreams, it means that something prevents you from relaxing. Probably some accumulated problems are looking for a way out. In this case, it is better to pay attention to the dream and try to interpret it. Perhaps you will understand what was the result of your stress and in this case, you can regain the lost balance.",
        "rate": 0
      },
      {
        "cat_ru": "Новые дела",
        "note_ru": "Реализацию крупных планов и идей начинать не рекомендуется. Лучше провести день в спокойной обстановке, спокойно занимаясь делами, стоящими по плану. ",
        "cat_en": "New cases",
        "note_en": "It is not recommended to start the implementation of close-ups and ideas. It is better to spend the day in a relaxed atmosphere, calmly doing the things that are going according to plan.",
        "rate": 2
      },
      {
        "cat_ru": "Принятие решений",
        "note_ru": "Решать важные вопросы и принимать ответственные решения, связанные с бизнесом не рекомендуется. ",
        "cat_en": "Making decisions",
        "note_en": "It is not recommended to solve important issues and make responsible decisions related to business on the sixteenth lunar day.",
        "rate": 2
      },
      {
        "cat_ru": "Бизнес",
        "note_ru": "Решать важные вопросы и принимать ответственные решения, связанные с бизнесом не рекомендуется. ",
        "cat_en": "Business",
        "note_en": "It is not recommended to solve important issues and make responsible decisions related to business day.",
        "rate": 1
      },
      {
        "cat_ru": "Деньги",
        "note_ru": "День также неудачен для проведения финансовых операций",
        "cat_en": "Money",
        "note_en": "The day is also unlucky for financial transactions.",
        "rate": 2
      },
      {
        "cat_ru": "Недвижимость",
        "note_ru": "День также неудачен для проведения сделок с недвижимостью",
        "cat_en": "Real estate",
        "note_en": "The day is also unlucky for real estate transactions",
        "rate": 2
      },
      {
        "cat_ru": "Торговля",
        "note_ru": "Очень удачный день",
        "cat_en": "Trade",
        "note_en": "Very lucky day",
        "rate": 5
      },
      {
        "cat_ru": "Судебные дела",
        "note_ru": "Очень удачный день",
        "cat_en": "Court cases",
        "note_en": "Very lucky day",
        "rate": 5
      },
      {
        "cat_ru": "Учёба",
        "note_ru": "Деятельность, связанная с обучением, решением сложных задач, экспериментальными опытами и научным поиском будет успешна. Особое влияние луны испытают люди, связанные с творчеством. Сегодня они смогут реализовать весь свой потенциал.",
        "cat_en": "Studies",
        "note_en": "Activities related to learning, solving complex problems, experimental experiments and scientific research will be successful. People associated with creativity will experience a special influence of the moon. Today they will be able to fulfill their full potential.",
        "rate": 4
      },
      {
        "cat_ru": "Общение с начальством",
        "note_ru": "Сегодня удачное время для общения с начальством. Ваш босс будет в хорошем расположении духа и лояльно настроен по отношению к сотрудникам. Поэтому вы можете обсуждать с ним свои дела, задачи и проблемы. Но будьте осторожны с тем, чтобы не поднимать никаких важных и сложных тем. В этот день все мы будем не предрасположены к тому, чтобы заниматься важными вопросами и принимать на себя ответственность за сложные решения. Поэтому такой разговор может его только разозлить, а результата вы, с большой долей вероятности, так и не получите.\n\nЛучше поднимите в разговоре простые темы, в которых вы чувствуете себя уверенно. Покажите, что вы действительно профессионал в своем деле. Это очень повысит ваш авторитет в глазах руководителя и позитивно скажется на его отношении к вам.\n\nТакже в этот день можно заниматься вопросами, связанными с начислением и оплатой налогов, общением с налоговой службой.",
        "cat_en": "Communication with superiors",
        "note_en": "Today is a good time to communicate with the authorities. Your boss will be in good spirits and loyal to employees. Therefore, you can discuss your affairs, tasks and problems with him. But be careful not to bring up any important or difficult topics. On this day, all of us will not be predisposed to deal with important issues and take responsibility for difficult decisions. Therefore, such a conversation can only make him angry, and you, with a high degree of probability, will not get the result. \n\nIt is better to bring up simple topics in the conversation in which you feel confident. Show that you are truly a professional in your field. This will greatly increase your authority in the eyes of the manager and have a positive effect on his attitude towards you. \n\nOn this day, you can also deal with issues related to the calculation and payment of taxes, communication with the tax service.",
        "rate": 5
      },
      {
        "cat_ru": "Смена работы",
        "note_ru": "День не удачный для того, чтобы менять работодателя.\n\nСмена места работы - очень ответственное и важное решение в нашей жизни. От того, какой выбор мы сделаем, во многом зависит наше будущее и будущее наших родных. Поэтому воздержитесь от того, чтобы менять работу на шестнадцатый лунный день. Кроме того, что это не самое лучшее время для принятия судьбоносных решений, это еще и плохой день для любых глобальных начинаний в нашей жизни.\n\nНасколько бы не было ваше решение продумано и обосновано, постарайтесь сегодня все же отложить его воплощение в жизнь. Попробуйте еще раз проанализировать все плюсы и минусы такого шага и понять для себя, полностью ли вы исчерпали себя на текущем месте работы? Если у вас будет хоть капля сомнений, значит, стоит очень задуматься над своим выбором. Возможно, это был просто секундный эмоциональный срыв, под влиянием которого вы можете принять неправильное решение.",
        "cat_en": "Job change",
        "note_en": "Not a good day to change employers. \n\nChanging jobs is a very responsible and important decision in our life. Our future and the future of our relatives largely depend on the choice we make. Therefore, refrain from changing your job on the sixteenth lunar day. In addition to the fact that this is not the best time for making fateful decisions, it is also a bad day for any global undertakings in our life. \n\nNo matter how thoughtful and reasonable your decision is, try to postpone its implementation today. Try again to analyze all the pros and cons of such a step and understand for yourself whether you have completely exhausted yourself at your current place of work? If you have even a drop of doubts, then you should really think about your choice. Perhaps it was just a momentary emotional breakdown, under the influence of which you can make the wrong decision.",
        "rate": 2
      },
      {
        "cat_ru": "Путешествия",
        "note_ru": "Шестнадцатый день месяца - прекрасное время для путешествий. Луна благоприятно влияет на наши передвижения, дорога проходит в это время очень легко и просто, без неприятных неожиданностей и непредвиденных ситуаций и проблем.\n\nПрекрасно, если вам удастся вырваться куда-нибудь в путешествие, длительное или короткое. В этот день вам будут попадаться только интересные спутники, люди, от которых вы сможете почерпнуть много полезной информации. В поездках вы приобретете бесценный опыт, судьба будет подкидывать вам такие ситуации, которые многому вас научат.\n\nЭто время очень благоприятно подходит для пеших прогулок и активных перемещений. Сегодня было бы просто прекрасно, если бы вам удалось совершить треккинг в горы, сплав по реке на байдарках, покататься на велосипедах или просто погулять в незнакомом городе.",
        "cat_en": "Trips",
        "note_en": "The sixteenth day of the month is a great time to travel. The moon has a positive effect on our movements, the road passes at this time very easily and simply, without unpleasant surprises and unforeseen situations and problems. \n\nIt is great if you manage to escape somewhere on a journey, long or short. On this day, you will only come across interesting companions, people from whom you can get a lot of useful information. While traveling, you will gain invaluable experience, fate will throw you situations that will teach you a lot. \n\nThis time is very favorable for walking and active movement. Today it would be just fine if you could go trekking in the mountains, kayaking down the river, ride a bike or just take a walk in an unfamiliar city.",
        "rate": 5
      },
      {
        "cat_ru": "Переезд",
        "note_ru": "День благоприятен для переезда",
        "cat_en": "Moving",
        "note_en": "The day is favorable for moving",
        "rate": 4
      },
      {
        "cat_ru": "Секс",
        "note_ru": "Cупружеским парам рекомендуется воздержаться от интимных",
        "cat_en": "Sex",
        "note_en": "Couples are advised to refrain from intimate",
        "rate": 2
      },
      {
        "cat_ru": "Рождённые в этот день",
        "note_ru": "С самого рождения люди шестнадцатого лунного дня обладают особыми качествами. У них непорочная душа, они способны легко прощать и не судить других. Отличаются высоким духовным уровнем, жизнелюбием. По природе это созерцатели. Проявляют большую любовь ко всему сущему, радуются каждому новому дню.\n\nРожденные в шестнадцатый день лунного месяца обычно проживают долгую и интересную жизнь. С детства проявляют творческие способности, которые стараются внести в любую деятельность в течении всей жизни. Любят путешествовать и просто бывать на природе, общение с которой является для них необходимым аспектом. Оттуда они черпают силы и вдохновение.\n\nРодившиеся в шестнадцатый лунный день имеют врожденное стремление к духовному поиску и саморазвитию. Но для того, что бы встать на этот путь и успешно по нему идти, им необходимо сознательно уделять большое внимание своему совершенствованию. Иначе есть риск, что они могут поддаться влиянию эмоций и инстинктов. В результате чего их жизнь превратится в бесконечные метания и суету, а неверно направленная энергетика может привести к опустошению.",
        "cat_en": "Born on this day",
        "note_en": "From the very birth, people of the sixteenth lunar day have special qualities. They have an immaculate soul, they are able to easily forgive and not judge others. They are distinguished by a high spiritual level, love of life. They are contemplators by nature. They show great love for everything that exists, rejoice in every new day. \n\nThose born on the sixteenth day of the lunar month usually have long and interesting lives. From childhood, they show creativity, which they try to bring into any activity throughout their life. They love to travel and just be in nature, communication with which is a necessary aspect for them. From there they draw strength and inspiration. \n\nThose born on the sixteenth lunar day have an innate desire for spiritual search and self-development. But in order to embark on this path and follow it successfully, they need to consciously pay great attention to their improvement. Otherwise, there is a risk that they may succumb to the influence of emotions and instincts. As a result, their lives will turn into endless throwing and vanity, and the wrongly directed energy can lead to devastation. ",
        "rate": 0
      },
      {
        "cat_ru": "Питание",
        "note_ru": "Крайне не рекомендуется в этот день устраивать застолья, переедать и предаваться пищевому разврату. Минимизируйте количество белковой пищи, попробуйте сегодня исключить из своего рациона мясо и яйца, жирное и жаренное.",
        "cat_en": "Nutrition",
        "note_en": "It is highly discouraged on this day to arrange a feast, overeat and indulge in food debauchery. Minimize the amount of protein foods, try today to exclude meat and eggs, fatty and fried from your diet.",
        "rate": 0
      },
      {
        "cat_ru": "Здоровье",
        "note_ru": "В шестнадцатый лунный день умеренность необходимо соблюдать не только в повседневных делах, но и по отношению к здоровью. К примеру, в этот день не рекомендуется голодать, но при этом желательно соблюдать умеренность в еде. Хорошо поститься или придерживаться диеты. Из рациона лучше исключить мясные продукты и грибы.\n\nТо же относится и к физическим нагрузкам. Они полезны, но в меру. Хорошо, если вы не будете безпричинно нагружать свой организм. Благоприятно скажется занятия йогой, которая помимо пользы для тела, способствуют укреплению духа. Это позволит справиться с эмоциями и поддерживать себя в состоянии равновесия.\n\nШестнадцатый лунный день очень благоприятен для проведения очистительных процедур, помогающих вывести шлаки из организма. Большую пользу принесет посещение бани. Также положительно скажется принятие травяных ванн и ароматерапия. Кроме того очень хорошо в этот лунный день проводить сеансы массажа.\n\nС медицинской точки зрения в шестнадцатый лунный день уязвима селезенка. Помимо этого свертываемость крови сегодня снижена, и поэтому, по возможности лучше отложить хирургические операции. Считается, что причиной возникновения болезней в этот день в первую очередь служит психологическое состояние.",
        "cat_en": "Health",
        "note_en": "On the sixteenth lunar day, moderation must be observed not only in everyday affairs, but also in relation to health. For example, fasting on this day is not recommended, but it is advisable to observe moderation in food. Fast or diet well. It is better to exclude meat products and mushrooms from the diet. \n\n The same applies to physical activity. They are useful, but in moderation. It's good if you don't load your body for no reason. Yoga practice will have a beneficial effect, which, in addition to benefits for the body, helps to strengthen the spirit. This will allow you to cope with emotions and maintain yourself in a state of balance. \n\nThe sixteenth lunar day is very favorable for cleansing procedures that help remove toxins from the body. A visit to the bath will be of great benefit. Herbal baths and aromatherapy are also beneficial. In addition, it is very good to have massage sessions on this lunar day. \n\nFrom a medical point of view, on the sixteenth lunar day, the spleen is vulnerable. In addition, blood clotting is reduced today, and therefore, if possible, it is better to postpone surgery. It is believed that the cause of illness on this day is primarily a psychological state. ",
        "rate": 0
      },
      {
        "cat_ru": "Стрижка волос",
        "note_ru": "Может ухудшиться здоровье, появятся проблемы с сердцем.",
        "cat_en": "Haircut",
        "note_en": "Health may deteriorate, heart problems appear.",
        "rate": 1
      },
      {
        "cat_ru": "Характеристика второй четверти",
        "note_ru": "Шестнадцатый лунный день начинает новую третью лунную фазу. И если до этого времени вы накапливали свои силы, чтобы бросить их в бой, то начинается период пожинать свои плоды. В шестнадцатый день лунного месяца не терпит конфликтов и ссор. Это день мира, любви и душевного равновесия. Желательно избегать проявления всех отрицательных качеств характера. Сегодня не рекомендуется кричать, ругаться, злиться. Возникшее в коллективе напряжение лучше не доводить до выяснения отношений. Это вы сможете сделать в другой день. Наоборот же, хорошо взглянуть на отношения с другой стороны и выделить хорошие стороны сотрудничества. Это же касается не только коллег, но и ваших партнеров.",
        "cat_en": "Second quarter characteristic",
        "note_en": "The sixteenth lunar day begins a new third lunar phase. And if before that time you have accumulated your strength in order to throw them into battle, then the period begins to reap the benefits. On the sixteenth day of the lunar month does not tolerate conflicts and quarrels. This is a day of peace, love and peace of mind. It is advisable to avoid the manifestation of all negative character traits. Today it is not recommended to shout, swear, get angry. It is better not to bring the tension that has arisen in the team to a showdown. You can do this another day. On the contrary, it is good to look at the relationship from the other side and highlight the good sides of cooperation. The same applies not only to colleagues, but also to your partners.",
        "rate": 0
      }
    ]
  }
]