[
  {
    "filetype": "local",
    "num": "21",
    "data": [
      {
        "title_ru": "День реформ, перестроек, движения вперед",
        "cat_ru": "Общие сведения",
        "note_ru": "Энергетика этого дня пробуждает в человеке активное начало, придает храбрости, уверенности, решительности. В этот день нужно стремиться быть честным и справедливым даже в мелочах. День добровольной жертвы, отказа от собственности. День торжества всего нового, упорства в достижении цели. День выводов, итогов обучения, экзаменов и испытаний на профессионализм. День активный, творческий, день спортивных состязаний. В этот день можно давать клятву верности, нужно стремиться не лгать, быть абсолютно чистым и справедливым. Полезны все групповые занятия - это день дружбы, объединения людей. День астральных воинов, дон-кихотства, рыцарства. Пробуждаются чувства благородства и справедливости, а также ощущение порядка. У людей появляется решимость менять что-либо, или кардинально решать накопившиеся вопросы. Провести этот день будет не трудно, ведь сегодня мы сторицей получаем возврат сил, затраченных в течение месяца. Поиск пропавших людей, вещей, животныхвероятно увенчается успехом. Для воров и преступников этот день очень неудачный и несчастливый, они быстро будут обнаружены и наказаны.",
        "title_en": "Day of reforms, restructuring, moving forward",
        "cat_en": "General information",
        "note_en": "The energy of this day awakens an active principle in a person, gives courage, confidence, and determination. On this day, you need to strive to be honest and fair even in small things. Day of voluntary sacrifice, refusal of property. Day of celebration of everything new, perseverance in achieving the goal. Day of conclusions, results of training, exams and tests for professionalism. An active, creative day, a day of sports. On this day, you can take an oath of allegiance, you need to strive not to lie, to be absolutely pure and fair. All group activities are useful - this is a day of friendship, uniting people. Day of Astral Warriors, Don Quixote, Chivalry. Feelings of nobility and justice are awakened, as well as a sense of order. People have the determination to change something, or to radically solve the accumulated issues. It will not be difficult to spend this day, because today we receive a hundredfold return of the energy expended during the month. The search for missing people, things, animals is likely to be crowned with success. For thieves and criminals, this day is very unfortunate and unlucky, they will quickly be discovered and punished.",
        "rate": 4
      },
      {
        "cat_ru": "Сны",
        "note_ru": "Сны не имеют значения, исполняются редко. Забудьте о них.",
        "cat_en": "Dreams",
        "note_en": "Dreams do not matter, they rarely come true. Forget about them.",
        "rate": 0
      },
      {
        "cat_ru": "Новые дела",
        "note_ru": "Дела, начатые в этот день, обычно удаются.",
        "cat_en": "New cases",
        "note_en": "Things started on this day are usually successful.",
        "rate": 4
      },
      {
        "cat_ru": "Принятие решений",
        "note_ru": "Подходящий день для принятия решений.",
        "cat_en": "Making decisions",
        "note_en": "A good day for making decisions.",
        "rate": 4
      },
      {
        "cat_ru": "Бизнес",
        "note_ru": "Хорош для предпринимательской деятельности, рискованных предприятий и сделок, а также для групповой работы.",
        "cat_en": "Business",
        "note_en": "Good for entrepreneurial activities, risky ventures and deals, as well as for group work.",
        "rate": 4
      },
      {
        "cat_ru": "Деньги",
        "note_ru": "Хорош для решения финансовых вопросов.",
        "cat_en": "Money",
        "note_en": "Good for solving financial issues.",
        "rate": 4
      },
      {
        "cat_ru": "Недвижимость",
        "note_ru": "Отлично подходит для любых операций с недвижимостью.",
        "cat_en": "Real estate",
        "note_en": "Great for any real estate business.",
        "rate": 4
      },
      {
        "cat_ru": "Торговля",
        "note_ru": "Хорош для торговли.",
        "cat_en": "Trade",
        "note_en": "Good for trading.",
        "rate": 4
      },
      {
        "cat_ru": "Судебные дела",
        "note_ru": "Споры сегодня неуместны.",
        "cat_en": "Court cases",
        "note_en": "Disputes are irrelevant today.",
        "rate": 2
      },
      {
        "cat_ru": "Учёба",
        "note_ru": "Хороший день для учёбы.",
        "cat_en": "Studies",
        "note_en": "Nice day to study.",
        "rate": 4
      },
      {
        "cat_ru": "Общение с начальством",
        "note_ru": "Можно обращаться к начальству с мелкими вопросами.",
        "cat_en": "Communication with superiors",
        "note_en": "You can contact your superiors with minor questions.",
        "rate": 3
      },
      {
        "cat_ru": "Смена работы",
        "note_ru": "Очень благоприятный день для перемены места работы.",
        "cat_en": "Job change",
        "note_en": "A very auspicious day for changing jobs.",
        "rate": 5
      },
      {
        "cat_ru": "Путешествия",
        "note_ru": "День благоприятен для поездок, путешествий и командировок наземным транспортом.",
        "cat_en": "Trips",
        "note_en": "The day is favorable for travel, travel and business trips by land transport.",
        "rate": 4
      },
      {
        "cat_ru": "Переезд",
        "note_ru": "День благоприятен для переездов.",
        "cat_en": "Moving",
        "note_en": "The day is favorable for travel.",
        "rate": 4
      },
      {
        "cat_ru": "Секс",
        "note_ru": "Хорошо подходит для интимной близости.",
        "cat_en": "Sex",
        "note_en": "Well suited for intimacy.",
        "rate": 4
      },
      {
        "cat_ru": "Рождённые в этот день",
        "note_ru": "Будут отличаться трудолюбием, работоспособностью, терпением, сдержанностью, самообладанием. Могут быть в своем низшем варианте неукротимыми гордецами, в слепом порыве к цели ничего не замечающими, топчущими других. В высшем варианте - это чистые и честные рыцари, сильные духом, защитники справедливости. Их отмечает трудолюбие и работоспособность, терпение и сдержанность.",
        "cat_en": "Born on this day",
        "note_en": "They will be distinguished by hard work, efficiency, patience, restraint, self-control. They can be, in their lowest version, indomitable proud people, in a blind impulse towards the goal, they do not notice anything, trample others. In the highest version, these are pure and honest knights, strong in spirit, defenders of justice. They are noted for hard work and efficiency, patience and restraint.",
        "rate": 0
      },
      {
        "cat_ru": "Питание",
        "note_ru": "Можно устраивать застолья.",
        "cat_en": "Nutrition",
        "note_en": "You can arrange a feast.",
        "rate": 4
      },
      {
        "cat_ru": "Здоровье",
        "note_ru": "Болезни могут быть опасны и больному требуется серьезный и внимательный уход. Наблюдаются острые течения заболевания или, наоборот, начинается бурное выздоровление. Возникает опасность ядов и токсинов, поэтому противопоказаны нагрузки на печень. Необходимо проводить кровоочистительные процедуры - пить траву, есть морковь, клюкву, свеклу, рябину, гранаты. Рекомендуются ванны, души, обливания, закаливание, прогулки на воздухе. В этот день ради здоровья легко бросить дурные привычки.",
        "cat_en": "Health",
        "note_en": "Illness can be dangerous and the patient needs serious and attentive care. Acute course of the disease is observed or, conversely, a rapid recovery begins. There is a danger of poisons and toxins, therefore, load on the liver is contraindicated. It is necessary to carry out blood-purifying procedures - drink grass, eat carrots, cranberries, beets, mountain ash, pomegranates. Baths, showers, dousing, tempering, walking in the air are recommended. On this day, for the sake of health, it is easy to give up bad habits.",
        "rate": 2
      },
      {
        "cat_ru": "Стрижка волос",
        "note_ru": "Хороший день для стрижки. Стрижка волос привлечет красоту и благополучие.",
        "cat_en": "Haircut",
        "note_en": "Nice day for a haircut. Hair cutting will attract beauty and well-being.",
        "rate": 4
      },
      {
        "cat_ru": "Характеристика третьей четверти",
        "note_ru": "Возможны нарушения деятельности органов пищеварения, будьте особенно внимательны к своему здоровью, старайтесь в это время не заболеть. Проявляется повышенная половая активность. Энергии много, и она может расходоваться на созидание нового, самосовершенствование. Этот период можно сравнить с наступление половой зрелости. Человек повзрослел и должен сполна осуществить всё, на что он способен. Организм настроен на активность, на выплеск её изнутри. Мы приобретаем внутреннюю свободу и независимость, а потому способны очень на многое. Не упустите этот момент! Потому что дальше - до новолуния - силы будут убывать. На убывающей Луне нужно заканчивать дела, начатые во время Луны растущей. Операции удаются лучше, чем в другое время, почти все домашние работы спорятся. Если кто-то ест больше, чем в иное время, то не прибавляет так быстро в весе. Этот период благоприятен для посадки подземных овощей и неблагоприятен для окулировки плодовых деревьев. Не стоит употреблять острую, жареную пищу, продукты животного происхождения. Желательно есть янскую пищу, а во второй половине фазы побольше свежей, сочной, водянистой, прохладной пищи. Можно употреблять более грубую пищу, чем в 1-й фазе, но переедать нельзя. Если вы правильно вели себя во время предшествующих фаз луны, в третью фазу задуманные дела удаются как нельзя лучше. Всё, за что ни возьмётесь - получается легко: уборка, тяжелый физический или напряженный умственный труд. Впрочем, не переоцените свои возможности - впереди смена лунны",
        "cat_en": "Third quarter characteristic",
        "note_en": "Disorders of the digestive system are possible, be especially careful about your health, try not to get sick at this time. Increased sexual activity is manifested. There is a lot of energy, and it can be spent on creating something new, self-improvement. This period can be compared to the onset of puberty. A person has matured and must fully implement everything that he is capable of. The body is tuned to activity, to splash it out from within. We acquire inner freedom and independence, and therefore are capable of a lot. Don't miss this moment! Because further - until the new moon - the forces will decrease. On the waning moon, you need to finish the business started during the waxing moon. Operations work better than at other times, almost all household chores are controversial. If someone eats more than at other times, then they do not gain weight as quickly. This period is favorable for planting underground vegetables and unfavorable for budding fruit trees. Do not eat spicy, fried food, animal products. It is advisable to eat Yang food, and in the second half of the phase, more fresh, juicy, watery, cool food. You can eat rougher foods than in the 1st phase, but you should not overeat. If you behaved correctly during the previous phases of the moon, in the third phase, the plans you have planned work out as well as possible. Whatever you undertake is easy: cleaning, hard physical or strenuous mental work. However, do not overestimate your capabilities - the change of the moon is ahead.",
        "rate": 0
      }
    ]
  }
]