[
  {
    "filetype": "local",
    "num": "24",
    "data": [
      {
        "title_ru": "День подчинения физической природе",
        "cat_ru": "Общие сведения",
        "note_ru": "Луна проходит созвездие Змееносца вверх-вниз и из Козерога входит в Водолей. Это период разрушения старого и созидания нового. Считается, что на человека может снизойти откровение или в нем происходит пробуждение огромной силы. Наше тело сегодня, как никогда находится под контролем разума. Этот день надо активно использовать для укрепления собственного здоровья и повышения духовного уровня. Практикуют тяжелые тренировки, работу. День мужской энергетики - время использования трансформации мужской сексуальной мощи. Прекрасный день для общения с противоположным полом и секса. День связан со строительством. В Древнем Египте именно в этот день закладывали пирамиды. День культа всех богов плодородия, день соединения, зачатия.",
        "title_en": "The day of submission to physical nature",
        "cat_en": "General information",
        "note_en": "The Moon passes the constellation Ophiuchus up and down and enters Aquarius from Capricorn. This is the period of destruction of the old and the creation of the new. It is believed that a revelation can descend on a person or an awakening of great power occurs in him. Our body today is more than ever under the control of the mind. This day should be actively used to strengthen your own health and raise your spiritual level. Practicing hard training, work. Male Energy Day is a time to harness the transformation of male sexual power. A great day for communication with the opposite sex and sex. The day is associated with construction. In ancient Egypt, it was on this day that the pyramids were laid. Day of the cult of all gods of fertility, the day of union, conception.",
        "rate": 4
      },
      {
        "cat_ru": "Сны",
        "note_ru": "В эти лунные сутки сны показывают, всё ли у вас в порядке с сексуальной энергией. Если сны приятны - то всё в порядке, если неприятны - ваша сексуальная энергия подавлена и это начинает вас угнетать. Однако сами сновидения недействительны, сны не сбываются.",
        "cat_en": "Dreams",
        "note_en": "On these lunar days, dreams show whether everything is in order with your sexual energy. If the dreams are pleasant, then everything is in order, if unpleasant, your sexual energy is suppressed and this begins to oppress you. However, the dreams themselves are invalid, dreams do not come true.",
        "rate": 0
      },
      {
        "cat_ru": "Новые дела",
        "note_ru": "В этот день хорошо начинать новые большие дела, приступать к осуществлению глобальных проектов, а также продолжать уже начатое.",
        "cat_en": "New cases",
        "note_en": "On this day, it is good to start new big things, to start implementing global projects, as well as to continue what has already been started.",
        "rate": 5
      },
      {
        "cat_ru": "Принятие решений",
        "note_ru": "Хороший день для принятия решений.",
        "cat_en": "Making decisions",
        "note_en": "Good day for making decisions.",
        "rate": 4
      },
      {
        "cat_ru": "Бизнес",
        "note_ru": "Удачный день для бизнеса.",
        "cat_en": "Business",
        "note_en": "A good day for business.",
        "rate": 5
      },
      {
        "cat_ru": "Деньги",
        "note_ru": "Хорошее время для решения финансовых вопросов.",
        "cat_en": "Money",
        "note_en": "A good time to deal with financial issues.",
        "rate": 4
      },
      {
        "cat_ru": "Недвижимость",
        "note_ru": "Можно производить любые операции с недвижимостью.",
        "cat_en": "Real estate",
        "note_en": "You can carry out any real estate transactions.",
        "rate": 4
      },
      {
        "cat_ru": "Торговля",
        "note_ru": "Хороший день для торговли.",
        "cat_en": "Trade",
        "note_en": "Nice day to trade.",
        "rate": 4
      },
      {
        "cat_ru": "Судебные дела",
        "note_ru": "Очень неподходящий день. День кары насильников и садистов.",
        "cat_en": "Court cases",
        "note_en": "A very inappropriate day. Day of punishment for rapists and sadists.",
        "rate": 2
      },
      {
        "cat_ru": "Учёба",
        "note_ru": "Можно продолжать обучение, экзамены лучше отложить.",
        "cat_en": "Studies",
        "note_en": "You can continue studying, it is better to postpone exams.",
        "rate": 2
      },
      {
        "cat_ru": "Общение с начальством",
        "note_ru": "Можно обращаться к начальству с мелкими вопросами.",
        "cat_en": "Communication with superiors",
        "note_en": "You can contact your superiors with minor questions.",
        "rate": 3
      },
      {
        "cat_ru": "Смена работы",
        "note_ru": "Идеально подходит для смены работы.",
        "cat_en": "Job change",
        "note_en": "Ideal for job change.",
        "rate": 5
      },
      {
        "cat_ru": "Путешествия",
        "note_ru": "Путешествия, особенно дальние, лучше отложить.",
        "cat_en": "Trips",
        "note_en": "Travels, especially long ones, are best postponed.",
        "rate": 2
      },
      {
        "cat_ru": "Переезд",
        "note_ru": "Переезд лучше отложить.",
        "cat_en": "Moving",
        "note_en": "It is better to postpone the move.",
        "rate": 2
      },
      {
        "cat_ru": "Секс",
        "note_ru": "Один из лучших дней лунного календаря для интимной близости. Но не следеует злоупотреблять сексуальными практиками.",
        "cat_en": "Sex",
        "note_en": "One of the best lunar days for intimacy. But one should not abuse sexual practices.",
        "rate": 5
      },
      {
        "cat_ru": "Рождённые в этот день",
        "note_ru": "Лучшие люди, родившиеся в этот день - творческие личности, обладающие огромной энергией, правда, временами им хочется уйти в себя, закрыться от людей (погрузиться в спячку). Добрые, с одной стороны, и эгоистичные, жадные, завистливые с другой. Как правило, люди этого дня - гурманы.",
        "cat_en": "Born on this day",
        "note_en": "The best people born on this day are creative personalities with tremendous energy, however, at times they want to withdraw into themselves, close themselves off from people (immerse themselves in hibernation). Kind, on the one hand, and selfish, greedy, envious on the other. As a rule, people of this day are gourmets.",
        "rate": 0
      },
      {
        "cat_ru": "Питание",
        "note_ru": "В этот день есть надо есть плотнее, потому что энергия все равно сжигается. Нужно меньше пить и не употреблять того, что содержит много жидкости.",
        "cat_en": "Nutrition",
        "note_en": "On this day, you need to eat denser, because energy is still burned. You need to drink less and not consume anything that contains a lot of liquid.",
        "rate": 0
      },
      {
        "cat_ru": "Здоровье",
        "note_ru": "Болезни обычно не опасны и без последствий. День часто приносит исцеление, но может дать трудноизлечимую, полную страданий болезнь. Как правило пораженный участок увеличен или есть гипертрофия функции. Можно заниматься лечением, приготовлять лекарства, отвары трав, рекомендуются силовые физические упражнения, йога.",
        "cat_en": "Health",
        "note_en": "Diseases are usually not dangerous and without consequences. The day often brings healing, but it can give an intractable, painful illness. As a rule, the affected area is enlarged or there is hypertrophy of function. You can engage in treatment, prepare medicines, herbal decoctions, strength physical exercises, yoga are recommended.",
        "rate": 0
      },
      {
        "cat_ru": "Стрижка волос",
        "note_ru": "Хотите быть здоровыми - воздержитесь от стрижки, иначе могут возникнуть болезни.",
        "cat_en": "Haircut",
        "note_en": "If you want to be healthy - refrain from haircuts, otherwise illnesses may arise.",
        "rate": 2
      },
      {
        "cat_ru": "Характеристика четвёртой четверти",
        "note_ru": "Время убывающей Луны, отлива, предназначено для подведения итогов и формулировки организационных выводов прошедшего этапа растущей Луны. В этот момент можно проанализировать, что получилось, а что мешает дальнейшему развитию, рассмотреть новые идеи и поработать над ними, подсчитать прибыль и подвести баланс того, что осталось после прилива. В этот период свойственен спад жизненной энергии, биоритмов, иммунитета. Возможны нервно-психические изменения и нарушения циркуляции жидкости в организме. Физическая нагрузка должна быть умеренной вплоть до уменьшения перед новолунием, больше ходите, меньше сидите. Очень эффективны прохладные ванночки для ног. Рекомендуется прохладное обливание: вначале струю на ступни ног, далее вверх до головы. За 2—3 дня до новолуния снижены резервы здоровья (особенно мужчин), поэтому целесообразно отказаться от плановых оперативных вмешательств. Исключите алкоголь, секс, жаренную и мясную пищу. Вторая и четвертая фазы Луны - лучшие периоды для голодания. Не перегружайте себя значительным употреблением жидкости и пищи. Особенно запрещается пища животного происхождения. Желательно меньше есть маслянистой, незнакомой и плохо усваиваемой пищи. Хорошо употреблять янские продукты в последней трети периода, полезны различные специи.",
        "cat_en": "Fourth quarter characteristic",
        "note_en": "The time of the waning moon, low tide, is intended to summarize and formulate the organizational conclusions of the past stage of the waxing moon. At this point, you can analyze what happened and what hinders further development, consider new ideas and work on them, calculate the profit and balance what is left after the tide. This period is characterized by a decline in vital energy, biorhythms, immunity. Neuropsychic changes and disturbances in the circulation of fluid in the body are possible. Physical activity should be moderate, up to a decrease before the new moon, walk more, sit less. Cool foot baths are very effective. Cool dousing is recommended: first, spray onto the feet, then up to the head. 2-3 days before the new moon reduced health reserves (especially men), so it is advisable to abandon planned surgical interventions. Eliminate alcohol, sex, fried and meat foods. The second and fourth phases of the moon are the best periods for fasting. Do not overwhelm yourself with significant fluid and food intake. Food of animal origin is especially prohibited. It is advisable to eat less oily, unfamiliar and poorly digestible foods. It is good to use yang products in the last third of the period, various spices are useful.",
        "rate": 0
      }
    ]
  }
]
