[
  {
    "filetype": "local",
    "num": "26",
    "data": [
      {
        "title_ru": "Несчастливый день",
        "cat_ru": "Общие сведения",
        "note_ru": "Один из опасных критических дней, в который люди предрасположены к конфликтам. Они напрасно суетятся, занимаются пустой болтовней, сплетничают. Существует опасность перерасходовать свою энергию на пустяки, а потому рекомендуется воздерживаться от активных действий, отдыхать и экономить энергию. Необходимо отказаться от ненужных связей и контактов, быть избирательным в общении. В этот день ничего не стоит предпринимать и начинать, так как все это принесет только потери и ущерб. В этот день у людей может возникнуть желание похвастаться, преувеличить свои достижения. Этого ни в коем случае делать нельзя – потом будет стыдно. Надо стремиться к познанию жизни, худшего в людях, к трезвой оценке действительности, снятию всех и всяческих масок. В противном случае нас будут травить, над нами могут глумиться, проявляя ханжество и грубый материализм. Желателен выход на Учителя. День связан с трансформацией нашей системы ценностей. Сегодня мы видим себя как бы со стороны. Возможно, мы будем не совсем довольны тем, что нам открылось. Но пусть это не будет для нас поводом к пессимизму. Такими мы стали по собственной воле и в нашей власти это изменить. День склоняет людей к пустым тратам денег, ненужным покупкам, бестолковому поведению. Высока вероятность ограблений и потерь. Следует быть максимально собранными и внимательными.",
        "title_en": "Unlucky day",
        "cat_en": "General information",
        "note_en": "One of the dangerous critical days in which people are prone to conflicts. They fuss in vain, indulge in idle chatter, gossip. There is a danger of overspending your energy on trifles, and therefore it is recommended to refrain from active actions, rest and save energy. It is necessary to give up unnecessary connections and contacts, to be selective in communication. On this day, nothing is worth undertaking and starting, since all this will only bring loss and damage. On this day, people may have a desire to boast, exaggerate their achievements. In no case should this be done - then it will be a shame. We must strive for the knowledge of life, the worst in people, for a sober assessment of reality, for removing all and all kinds of masks. Otherwise, they will persecute us, they may mock us, showing hypocrisy and rude materialism. An exit to the Teacher is desirable. The day is associated with the transformation of our value system. Today we see ourselves as if from the outside. Perhaps we will not be completely happy with what has opened to us. But let this not be a reason for pessimism for us. We have become like this of our own free will and it is in our power to change that. Day inclines people to waste money, unnecessary purchases, stupid behavior. The likelihood of robberies and losses is high. You should be as collected and attentive as possible.",
        "rate": 2
      },
      {
        "cat_ru": "Сны",
        "note_ru": "Сны в большинстве случаев исполняются, особенно цветные. Если же во сне увидишь молнию - это предупреждение о том, что не укрощены гордыня и тщеславие.",
        "cat_en": "Dreams",
        "note_en": "Dreams come true in most cases, especially in color. If you see lightning in a dream, this is a warning that pride and vanity are not tamed.",
        "rate": 4
      },
      {
        "cat_ru": "Новые дела",
        "note_ru": "Дела, начатые в этот день, дают обратные результаты.",
        "cat_en": "New cases",
        "note_en": "Cases started on that day are counterproductive.",
        "rate": 1
      },
      {
        "cat_ru": "Принятие решений",
        "note_ru": "Не стоит ничего предпринимать.",
        "cat_en": "Making decisions",
        "note_en": "You shouldn't do anything.",
        "rate": 2
      },
      {
        "cat_ru": "Бизнес",
        "note_ru": "Лучше не заниматься делами, возможны потери.",
        "cat_en": "Business",
        "note_en": "Better not to do business, losses are possible.",
        "rate": 1
      },
      {
        "cat_ru": "Деньги",
        "note_ru": "Можно проводить не очень серьёзные финансовые операций.",
        "cat_en": "Money",
        "note_en": "You can carry out not very serious financial transactions.",
        "rate": 3
      },
      {
        "cat_ru": "Недвижимость",
        "note_ru": "Операции с недвижимостью лучше перенести на другой лунный день.",
        "cat_en": "Real estate",
        "note_en": "It is better to postpone real estate transactions to another lunar day.",
        "rate": 2
      },
      {
        "cat_ru": "Торговля",
        "note_ru": "Нехороший день для торговли.",
        "cat_en": "Trade",
        "note_en": "Not a good day to trade.",
        "rate": 2
      },
      {
        "cat_ru": "Судебные дела",
        "note_ru": "Удачный день для адвокатов.",
        "cat_en": "Court cases",
        "note_en": "A good day for lawyers.",
        "rate": 5
      },
      {
        "cat_ru": "Учёба",
        "note_ru": "Очень хорошо учиться и сдавать экзамены.",
        "cat_en": "Studies",
        "note_en": "It is very good to study and pass exams.",
        "rate": 5
      },
      {
        "cat_ru": "Общение с начальством",
        "note_ru": "Общение с начальством не сулит ничего хорошего.",
        "cat_en": "Communication with superiors",
        "note_en": "Communication with superiors does not bode well.",
        "rate": 2
      },
      {
        "cat_ru": "Смена работы",
        "note_ru": "Смену работы лучше перенести на более благоприятный день.",
        "cat_en": "Job change",
        "note_en": "It is better to postpone the change of work to a more favorable day.",
        "rate": 2
      },
      {
        "cat_ru": "Путешествия",
        "note_ru": "Неблагоприятный день для путешествий.",
        "cat_en": "Trips",
        "note_en": "Unfavorable day for travel.",
        "rate": 2
      },
      {
        "cat_ru": "Переезд",
        "note_ru": "Неблагоприятный день для переезда.",
        "cat_en": "Moving",
        "note_en": "Unfavorable day for moving.",
        "rate": 2
      },
      {
        "cat_ru": "Секс",
        "note_ru": "Лучше воздержаться.",
        "cat_en": "Sex",
        "note_en": "Better to abstain.",
        "rate": 2
      },
      {
        "cat_ru": "Рождённые в этот день",
        "note_ru": "Будут счастливы, их ожидают зажиточность или даже богатство, если победят в себе гордыню и высокомерие.",
        "cat_en": "Born on this day",
        "note_en": "They will be happy, prosperity or even wealth awaits them, if they overcome pride and arrogance in themselves.",
        "rate": 5
      },
      {
        "cat_ru": "Питание",
        "note_ru": "Лучше забыть о застольях, рекомендуются пост и воздержание. Мясо не рекомендуется. В это день лучше есть больше рыбы и травы. Противопоказано есть все круглые овощи и фрукты, сильно насыщенные жидкостью.",
        "cat_en": "Nutrition",
        "note_en": "It is better to forget about feasts, fasting and abstinence are recommended. Meat is not recommended. It is better to eat more fish and grass on this day. It is contraindicated to eat all round vegetables and fruits that are highly saturated with liquid.",
        "rate": 0
      },
      {
        "cat_ru": "Здоровье",
        "note_ru": "Заболевшему угрожает серьезная опасность, если не будет оказана врачебная помощь. Рекомендуется больше потеть, делать массажи, косметические операции, разглаживать морщины и сводить бородавки и родинки, воздействовать на точки, энергетические каналы. Следует избегать дыма и сильно задымленных помещений.",
        "cat_en": "Health",
        "note_en": "The sick person is in serious danger if medical attention is not provided. It is recommended to sweat more, do massages, cosmetic surgeries, smooth wrinkles and reduce warts and moles, influence points and energy channels. Smoke and highly smoky areas should be avoided.",
        "rate": 1
      },
      {
        "cat_ru": "Стрижка волос",
        "note_ru": "В результате стрижки волос или создания прически вы привлечете к себе радость и счастье.",
        "cat_en": "Haircut",
        "note_en": "As a result of cutting your hair or creating a hairstyle, you will attract joy and happiness to yourself.",
        "rate": 5
      },
      {
        "cat_ru": "Характеристика четвёртой четверти",
        "note_ru": "Время убывающей Луны, отлива, предназначено для подведения итогов и формулировки организационных выводов прошедшего этапа растущей Луны. В этот момент можно проанализировать, что получилось, а что мешает дальнейшему развитию, рассмотреть новые идеи и поработать над ними, подсчитать прибыль и подвести баланс того, что осталось после прилива. В этот период свойственен спад жизненной энергии, биоритмов, иммунитета. Возможны нервно-психические изменения и нарушения циркуляции жидкости в организме. Физическая нагрузка должна быть умеренной вплоть до уменьшения перед новолунием, больше ходите, меньше сидите. Очень эффективны прохладные ванночки для ног. Рекомендуется прохладное обливание: вначале струю на ступни ног, далее вверх до головы. За 2—3 дня до новолуния снижены резервы здоровья (особенно мужчин), поэтому целесообразно отказаться от плановых оперативных вмешательств. Исключите алкоголь, секс, жаренную и мясную пищу. Вторая и четвертая фазы Луны - лучшие периоды для голодания. Не перегружайте себя значительным употреблением жидкости и пищи. Особенно запрещается пища животного происхождения. Желательно меньше есть маслянистой, незнакомой и плохо усваиваемой пищи. Хорошо употреблять янские продукты в последней трети периода, полезны различные специи.",
        "cat_en": "Fourth quarter characteristic",
        "note_en": "The time of the waning moon, low tide, is intended to summarize and formulate the organizational conclusions of the past stage of the waxing moon. At this point, you can analyze what happened and what hinders further development, consider new ideas and work on them, calculate the profit and balance what is left after the tide. This period is characterized by a decline in vital energy, biorhythms, immunity. Neuropsychic changes and disturbances in the circulation of fluid in the body are possible. Physical activity should be moderate, up to a decrease before the new moon, walk more, sit less. Cool foot baths are very effective. Cool dousing is recommended: first, spray onto the feet, then up to the head. 2-3 days before the new moon reduced health reserves (especially men), so it is advisable to abandon planned surgical interventions. Eliminate alcohol, sex, fried and meat foods. The second and fourth phases of the moon are the best periods for fasting. Do not overwhelm yourself with significant fluid and food intake. Food of animal origin is especially prohibited. It is advisable to eat less oily, unfamiliar and poorly digestible foods. It is good to use yang products in the last third of the period, various spices are useful.",
        "rate": 0
      }
    ]
  }
]