[
  {
    "filetype": "local",
    "num": "27",
    "data": [
      {
        "title_ru": "Забудьте сегодня о материальном",
        "cat_ru": "Общие сведения",
        "note_ru": "Это день получения сокровенных знаний и умений. Познавайте мир. Рекомендуется медитировать, так как в этот день возможно интуитивное прозрение. Если не слишком погружаться в повседневную рутину, а посвятить свои мысли возвышенному, то можно неожиданно найти решение проблемы, которая давно вас беспокоит. Возможно, сегодня вам удастся разрешить многие внутренние вопросы. Постарайтесь поддерживать лёгкое, расслабленное состояние. День хорош для любой работы. Хорошо провести этот день в дороге.",
        "title_en": "Forget about the material today",
        "cat_en": "General information",
        "note_en": "This is the day of receiving intimate knowledge and skills. Explore the world. It is recommended to meditate, as intuitive insight is possible on this day. If you do not dive too much into your daily routine, but devote your thoughts to the sublime, then you can unexpectedly find a solution to a problem that has been bothering you for a long time. Perhaps today you will be able to resolve many internal issues. Try to maintain a light, relaxed state. The day is good for any job. Have a good day on the road.",
        "rate": 5
      },
      {
        "cat_ru": "Сны",
        "note_ru": "День, когда сбываются не только сны, но и приметы. Сны несут интуитивные знания, понимание окружающих людей, событий. Они могут открыть нам истинную суть вещей, окружавших людей и предстоящих событий. Если , например, вы подозреваете кого-то в коварстве и измене, а вам снится, что он выносит вас на руках из огня - ваши подозрения беспочвенны, этот человек настоящий друг, ему можно доверять.",
        "cat_en": "Dreams",
        "note_en": "The day when not only dreams come true, but also omens. Dreams carry intuitive knowledge, understanding of the people around, events. They can reveal to us the true essence of things around people and upcoming events. If, for example, you suspect someone of treachery and treason, and you dream that he carries you out of the fire in his arms - your suspicions are groundless, this person is a real friend, you can trust him.",
        "rate": 5
      },
      {
        "cat_ru": "Новые дела",
        "note_ru": "Один из лучших дней для начала любых дел. Есть возможность по-новому взглянуть на старые проблемы. Поэтому в этот день постарайтесь получить максимум возможного от старых дел. Творческие идеи и новые решения старых проблем принесут выгоду и поддержку начальства.",
        "cat_en": "New cases",
        "note_en": "One of the best days to start any business. There is an opportunity to take a fresh look at old problems. Therefore, on this day, try to get the most out of your old affairs. Creative ideas and new solutions to old problems will bring benefits and support from superiors.",
        "rate": 5
      },
      {
        "cat_ru": "Принятие решений",
        "note_ru": "Ищите новые пути решения вопросов.",
        "cat_en": "Making decisions",
        "note_en": "Look for new ways to resolve issues.",
        "rate": 4
      },
      {
        "cat_ru": "Бизнес",
        "note_ru": "Один из лучших дней для бизнеса, удача на вашей стороне.",
        "cat_en": "Business",
        "note_en": "One of the best days for business, luck is on your side.",
        "rate": 5
      },
      {
        "cat_ru": "Деньги",
        "note_ru": "Хорош для решения финансовых вопросов. Желательно отдать долги.",
        "cat_en": "Money",
        "note_en": "Good for solving financial issues. It is advisable to pay off debts.",
        "rate": 4
      },
      {
        "cat_ru": "Недвижимость",
        "note_ru": "Операции с недвижимостью лучше перенести на другой лунный день.",
        "cat_en": "Real estate",
        "note_en": "It is better to postpone real estate transactions to another lunar day.",
        "rate": 2
      },
      {
        "cat_ru": "Торговля",
        "note_ru": "Хороший день для торговли.",
        "cat_en": "Trade",
        "note_en": "Nice day to trade.",
        "rate": 4
      },
      {
        "cat_ru": "Судебные дела",
        "note_ru": "Судебные дела лучше перенести.",
        "cat_en": "Court cases",
        "note_en": "It is better to postpone court cases.",
        "rate": 2
      },
      {
        "cat_ru": "Учёба",
        "note_ru": "Можно продолжать обучение, экзамены лучше отложить.",
        "cat_en": "Studies",
        "note_en": "You can continue studying, it is better to postpone exams.",
        "rate": 3
      },
      {
        "cat_ru": "Общение с начальством",
        "note_ru": "Можно обращаться к начальству с мелкими вопросами.",
        "cat_en": "Communication with superiors",
        "note_en": "You can contact your superiors with minor questions.",
        "rate": 3
      },
      {
        "cat_ru": "Смена работы",
        "note_ru": "Идеально подходит для смены работы.",
        "cat_en": "Job change",
        "note_en": "Ideal for job change.",
        "rate": 5
      },
      {
        "cat_ru": "Путешествия",
        "note_ru": "Хорошее время для путешествий, особенно морских.",
        "cat_en": "Trips",
        "note_en": "A good time to travel, especially at sea.",
        "rate": 4
      },
      {
        "cat_ru": "Переезд",
        "note_ru": "Благоприятный день для переезда.",
        "cat_en": "Moving",
        "note_en": "Auspicious day for moving.",
        "rate": 4
      },
      {
        "cat_ru": "Секс",
        "note_ru": "Умеренно.",
        "cat_en": "Sex",
        "note_en": "Moderately.",
        "rate": 3
      },
      {
        "cat_ru": "Рождённые в этот день",
        "note_ru": "Могут быть удачливыми и счастливыми или слишком мягкотелыми и слабохарактерными. Воспитанием и укреплением их воли родителям придется заниматься с ранних лет. Они живут в состоянии постоянных перемен и колебаний. Часто это могут быть путешественники с вечной жаждой познания, бродяги, мистики, фантазеры, целители. На высшем уровне развития - это люди, способные на идеальную любовь, на низшем - пьяницы, наркоманы. Задача этих людей - проявить силу воли, чтобы отсеять низший мир и овладеть космическим сознанием.",
        "cat_en": "Born on this day",
        "note_en": "They can be lucky and happy, or too soft and weak of character. Parents will have to deal with raising and strengthening their will from an early age. They live in a state of constant change and hesitation. Often these can be travelers with an eternal thirst for knowledge, vagabonds, mystics, visionaries, healers. At the highest level of development - these are people capable of ideal love, at the lowest - drunkards, drug addicts. The task of these people is to show willpower in order to weed out the lower world and master the cosmic consciousness.",
        "rate": 3
      },
      {
        "cat_ru": "Питание",
        "note_ru": "Можно устроить небольшое застолье.",
        "cat_en": "Nutrition",
        "note_en": "You can arrange a small feast.",
        "rate": 4
      },
      {
        "cat_ru": "Здоровье",
        "note_ru": "Резервы здоровья достаточны. Болезни обычно не опасны и непродолжительны, проходят без последствий. Противопоказано донорство.",
        "cat_en": "Health",
        "note_en": "Health reserves are sufficient. Diseases are usually not dangerous and short-lived, pass without consequences. Donation is contraindicated.",
        "rate": 4
      },
      {
        "cat_ru": "Стрижка волос",
        "note_ru": "В результате стрижки волос или создания прически вы привлечете к себе радость и счастье.",
        "cat_en": "Haircut",
        "note_en": "As a result of cutting your hair or creating a hairstyle, you will attract joy and happiness to yourself.",
        "rate": 4
      },
      {
        "cat_ru": "Характеристика четвёртой четверти",
        "note_ru": "Время убывающей Луны, отлива, предназначено для подведения итогов и формулировки организационных выводов прошедшего этапа растущей Луны. В этот момент можно проанализировать, что получилось, а что мешает дальнейшему развитию, рассмотреть новые идеи и поработать над ними, подсчитать прибыль и подвести баланс того, что осталось после прилива. В этот период свойственен спад жизненной энергии, биоритмов, иммунитета. Возможны нервно-психические изменения и нарушения циркуляции жидкости в организме. Физическая нагрузка должна быть умеренной вплоть до уменьшения перед новолунием, больше ходите, меньше сидите. Очень эффективны прохладные ванночки для ног. Рекомендуется прохладное обливание: вначале струю на ступни ног, далее вверх до головы. За 2—3 дня до новолуния снижены резервы здоровья (особенно мужчин), поэтому целесообразно отказаться от плановых оперативных вмешательств. Исключите алкоголь, секс, жаренную и мясную пищу. Вторая и четвертая фазы Луны - лучшие периоды для голодания. Не перегружайте себя значительным употреблением жидкости и пищи. Особенно запрещается пища животного происхождения. Желательно меньше есть маслянистой, незнакомой и плохо усваиваемой пищи. Хорошо употреблять янские продукты в последней трети периода, полезны различные специи.",
        "cat_en": "Fourth quarter characteristic",
        "note_en": "The time of the waning moon, low tide, is intended to summarize and formulate the organizational conclusions of the past stage of the waxing moon. At this point, you can analyze what happened and what hinders further development, consider new ideas and work on them, calculate the profit and balance what is left after the tide. This period is characterized by a decline in vital energy, biorhythms, immunity. Neuropsychic changes and disturbances in the circulation of fluid in the body are possible. Physical activity should be moderate, up to a decrease before the new moon, walk more, sit less. Cool foot baths are very effective. Cool dousing is recommended: first, spray onto the feet, then up to the head. 2-3 days before the new moon reduced health reserves (especially men), so it is advisable to abandon planned surgical interventions. Eliminate alcohol, sex, fried and meat foods. The second and fourth phases of the moon are the best periods for fasting. Do not overwhelm yourself with significant fluid and food intake. Food of animal origin is especially prohibited. It is advisable to eat less oily, unfamiliar and poorly digestible foods. It is good to use yang products in the last third of the period, various spices are useful.",
        "rate": 0
      }
    ]
  }
]