[
  {
    "filetype": "local",
    "num": "29",
    "data": [
      {
        "title_ru": "Крайне неблагоприятный день",
        "cat_ru": "Общие сведения",
        "note_ru": "Вот-вот наступит новолуние. Люди ослабевают, энергия истощается. Нужно подумать о надежной защите. Позаботьтесь, чтобы во всем доме не было ни одного темного угла, везде горел свет. Кроме электричества зажгите побольше свечей, лучше церковных. 29-й день основательно несчастлив во всем и для всего. Это время черных безлунных ночей Гекаты, когда сгущается астральный туман, вершат свои темные дела ведьмы и колдуны. Нельзя верить никаким обещаниям, слухам или прогнозам - кругом сплошной обман. Категорически запрещено заниматься гаданием и другими тонкими практиками. День падения и катастроф. Не рекомендуется предпринимать что-либо. Следует проводить очистку организма.",
        "title_en": "Extremely unfavorable day",
        "cat_en": "General information",
        "note_en": "The new moon is about to come. People are weakening, energy is depleted. You need to think about reliable protection. Make sure that there is not a single dark corner in the whole house, there are lights everywhere. In addition to electricity, light more candles, better than church ones. Day 29 is fundamentally unhappy in everything and for everything. This is the time of the black moonless nights of Hecate, when the astral fog thickens, witches and sorcerers perform their dark deeds. You can’t believe any promises, rumors or forecasts - there is a complete deception all around. It is strictly forbidden to engage in fortune-telling and other subtle practices. Fall and disaster day. It is not recommended to do anything. The body should be cleansed.",
        "rate": 2
      },
      {
        "cat_ru": "Сны",
        "note_ru": "Сны обычно правдивы и могут сбыться через три дня.",
        "cat_en": "Dreams",
        "note_en": "Dreams are usually true and can come true in three days.",
        "rate": 0
      },
      {
        "cat_ru": "Новые дела",
        "note_ru": "Не начинайте новых дел.",
        "cat_en": "New cases",
        "note_en": "Don't start new businesses.",
        "rate": 2
      },
      {
        "cat_ru": "Принятие решений",
        "note_ru": "Даже мысленно не стройте никаких планов.",
        "cat_en": "Making decisions",
        "note_en": "Don't even mentally make any plans.",
        "rate": 1
      },
      {
        "cat_ru": "Бизнес",
        "note_ru": "Крайне неудачный день для бизнеса.",
        "cat_en": "Business",
        "note_en": "A very bad day for business.",
        "rate": 1
      },
      {
        "cat_ru": "Деньги",
        "note_ru": "Держитесь от финансовых вопросов подальше.",
        "cat_en": "Money",
        "note_en": "Stay away from financial matters.",
        "rate": 2
      },
      {
        "cat_ru": "Недвижимость",
        "note_ru": "Операции с недвижимостью лучше отложить.",
        "cat_en": "Real estate",
        "note_en": "It is better to postpone real estate transactions.",
        "rate": 2
      },
      {
        "cat_ru": "Торговля",
        "note_ru": "Неблагоприятный день.",
        "cat_en": "Trade",
        "note_en": "Bad day.",
        "rate": 2
      },
      {
        "cat_ru": "Судебные дела",
        "note_ru": "Споры крайне неуместны.",
        "cat_en": "Court cases",
        "note_en": "The controversy is highly irrelevant.",
        "rate": 2
      },
      {
        "cat_ru": "Учёба",
        "note_ru": "Учёба даётся с трудом.",
        "cat_en": "Studies",
        "note_en": "Learning is difficult.",
        "rate": 2
      },
      {
        "cat_ru": "Общение с начальством",
        "note_ru": "Не стоит обращаться к начальству.",
        "cat_en": "Communication with superiors",
        "note_en": "You should not contact your superiors.",
        "rate": 2
      },
      {
        "cat_ru": "Смена работы",
        "note_ru": "Один из худших дней для смены рода деятельности.",
        "cat_en": "Job change",
        "note_en": "One of the worst days for a career change.",
        "rate": 1
      },
      {
        "cat_ru": "Путешествия",
        "note_ru": "Можно совершать небольшие путешествия, дальние лучше отложить.",
        "cat_en": "Trips",
        "note_en": "You can make small trips, it is better to postpone long ones.",
        "rate": 3
      },
      {
        "cat_ru": "Переезд",
        "note_ru": "Переезд лучше отложить.",
        "cat_en": "Moving",
        "note_en": "It is better to postpone the move.",
        "rate": 2
      },
      {
        "cat_ru": "Секс",
        "note_ru": "Секс разрушителен.",
        "cat_en": "Sex",
        "note_en": "Sex is destructive.",
        "rate": 1
      },
      {
        "cat_ru": "Рождённые в этот день",
        "note_ru": "Всю жизнь с кем-то сражаются. Как правило, долгожители, но часто неудачники. Им можно дать только один совет: пройти через все иллюзии и искушения, набить всевозможные шишки и постараться выйти из испытаний с достоинством.",
        "cat_en": "Born on this day",
        "note_en": "All their life they have been fighting with someone. As a rule, they are centenarians, but often losers. They can only be given one piece of advice: go through all the illusions and temptations, fill all kinds of bumps and try to get out of trials with dignity.",
        "rate": 0
      },
      {
        "cat_ru": "Питание",
        "note_ru": "Желательно в этот день соблюдать пост и воздержание. В пищу лучше всего употреблять выпечку, а также ячмень и все злаки. Лучше есть больше молочной пищи, меньше мясной.",
        "cat_en": "Nutrition",
        "note_en": "It is advisable to observe fasting and abstinence on this day. It is best to eat baked goods, as well as barley and all grains. It is better to eat more dairy foods, less meat.",
        "rate": 0
      },
      {
        "cat_ru": "Здоровье",
        "note_ru": "Перед сном полезно провести очищение водой, обязательно принять душ, подержать в холодной воде ноги. Не рекомендуется ставить клизмы и делать уколы в ягодицы.",
        "cat_en": "Health",
        "note_en": "Before going to bed, it is useful to cleanse with water, be sure to take a shower, hold your feet in cold water. It is not recommended to put enemas and injections in the buttocks.",
        "rate": 0
      },
      {
        "cat_ru": "Стрижка волос",
        "note_ru": "Стрижка волос может привлечь угрозу встречи с несчастьем, врагом и может привлечь даже смерть. Существует вероятность привлечения автоаварии.",
        "cat_en": "Haircut",
        "note_en": "Hair cutting can attract the threat of meeting misfortune, an enemy, and can even attract death. There is a possibility of attracting a car accident.",
        "rate": 1
      },
      {
        "cat_ru": "Характеристика четвёртой четверти",
        "note_ru": "Время убывающей Луны, отлива, предназначено для подведения итогов и формулировки организационных выводов прошедшего этапа растущей Луны. В этот момент можно проанализировать, что получилось, а что мешает дальнейшему развитию, рассмотреть новые идеи и поработать над ними, подсчитать прибыль и подвести баланс того, что осталось после прилива. В этот период свойственен спад жизненной энергии, биоритмов, иммунитета. Возможны нервно-психические изменения и нарушения циркуляции жидкости в организме. Физическая нагрузка должна быть умеренной вплоть до уменьшения перед новолунием, больше ходите, меньше сидите. Очень эффективны прохладные ванночки для ног. Рекомендуется прохладное обливание: вначале струю на ступни ног, далее вверх до головы. За 2—3 дня до новолуния снижены резервы здоровья (особенно мужчин), поэтому целесообразно отказаться от плановых оперативных вмешательств. Исключите алкоголь, секс, жаренную и мясную пищу. Вторая и четвертая фазы Луны - лучшие периоды для голодания. Не перегружайте себя значительным употреблением жидкости и пищи. Особенно запрещается пища животного происхождения. Желательно меньше есть маслянистой, незнакомой и плохо усваиваемой пищи. Хорошо употреблять янские продукты в последней трети периода, полезны различные специи.",
        "cat_en": "Fourth quarter characteristic",
        "note_en": "The time of the waning moon, low tide, is intended to summarize and formulate the organizational conclusions of the past stage of the waxing moon. At this point, you can analyze what happened and what hinders further development, consider new ideas and work on them, calculate the profit and balance what is left after the tide. This period is characterized by a decline in vital energy, biorhythms, immunity. Neuropsychic changes and disturbances in the circulation of fluid in the body are possible. Physical activity should be moderate, up to a decrease before the new moon, walk more, sit less. Cool foot baths are very effective. Cool dousing is recommended: first, spray onto the feet, then up to the head. 2-3 days before the new moon reduced health reserves (especially men), so it is advisable to abandon planned surgical interventions. Eliminate alcohol, sex, fried and meat foods. The second and fourth phases of the moon are the best periods for fasting. Do not overwhelm yourself with significant fluid and food intake. Food of animal origin is especially prohibited. It is advisable to eat less oily, unfamiliar and poorly digestible foods. It is good to use yang products in the last third of the period, various spices are useful.",
        "rate": 0
      }
    ]
  }
]