[
  {
    "filetype": "local",
    "num": "30",
    "data": [
      {
        "title_ru": "День гармонии и завершения всех дел",
        "cat_ru": "Общие сведения",
        "note_ru": "Желательно уделить время очищению души и тела, чтобы подготовиться к новому жизненному периоду. Этот лунный день бывает не каждый месяц, а если и бывает, то очень коротким. В этот день желательно завершать все начатые в этом месяце дела и подводить итоги. Особенно важно подводить итоги перед солнечным затмением. День часто выражается равным количеством добра и зла, которое мы получаем. Это лучший день для отдыха, радости, созерцания красоты. В этот день следует отбросить суету, отказаться от всего лишнего, ненужного, наносного и подготовиться к переходу на новый круг развития. Хорошо отдавать долги, проявлять милосердие и сострадание, дарить людям радость. Желательно простить обидчиков и покаяться в своих грехах. День работы с талисманами и препаратами — надо очищать дом, в частности, внесением такого талисмана как подкова. Рекомендуется работа с камнем. Поблагодарите этот месяц за уроки и открытия , которые он вам принёс и с чистым сердцем приготовьтесь вступить в новый месяц.",
        "title_en": "Day of harmony and completion of all affairs",
        "cat_en": "General information",
        "note_en": "It is advisable to take time to cleanse the soul and body in order to prepare for a new life period. This lunar day does not happen every month, and if it does, it is very short. On this day, it is advisable to complete all the cases started this month and summarize. It is especially important to take stock before a solar eclipse. The day is often expressed by the equal amount of good and evil we receive. This is the best day for relaxation, joy, contemplation of beauty. On this day, one should discard the vanity, abandon everything superfluous, unnecessary, superficial and prepare for the transition to a new circle of development. It is good to pay off debts, show mercy and compassion, and give people joy. It is advisable to forgive the offenders and repent of their sins. A day of working with talismans and preparations - you need to cleanse the house, in particular, by introducing such a talisman as a horseshoe. Working with stone is recommended. Thank this month for the lessons and discoveries it has brought you, and with a pure heart, prepare to enter the new month.",
        "rate": 4
      },
      {
        "cat_ru": "Сны",
        "note_ru": "На тридцатые лунные сутки сны редко бывают вещими. Но они могут нести много полезной информации, приоткрывая завесу и показывая отдельные скрытые уголки нашего подсознания. Как правило, это какие-то эпизоды из нашего прошлого, которые оказывают большое влияние на наше текущее психо-эмоциональное состояние.\n\nЧасто в этот день наши сновидения легкие и радостные, и нам хочется верить в то, что они сбудутся. Но, к сожалению, это не так. Сны этого дня можно назвать, скорее, результатирующими, подводящими черту под лунным месяцем, который заканчивается сегодня. Образы таких сновидений - это не что иное, как указатели, “маячки”, характеризующие нашу личность и указывающие на какие-то важные моменты нашего характера, на которые следует обратить внимание. Вы должны внимательно отнестись к тому, что вам приснится, запомните самые яркие картинки своего сна и постарайтесь разобраться, что они значат лично для вас. Возможно, это какие-то кармические задачи, с которыми вам предстоит разобраться в следующем лунном цикле.",
        "cat_en": "Dreams",
        "note_en": "On the thirtieth lunar day, dreams are rarely prophetic. But they can carry a lot of useful information, opening the veil and showing some hidden corners of our subconscious. As a rule, these are some episodes from our past that have a great influence on our current psycho-emotional state. \n\nOften on this day our dreams are light and joyful, and we want to believe that they will come true. Unfortunately, this is not the case. Dreams of this day can be called, rather, resultant, drawing a line under the lunar month, which ends today. The images of such dreams are nothing more than pointers, `beacons` that characterize our personality and indicate some important points of our character that should be paid attention to. You should carefully consider what you dream about, remember the brightest pictures of your dream and try to figure out what they mean to you personally. Perhaps these are some karmic tasks that you have to deal with in the following lunar cycle. ",
        "rate": 4
      },
      {
        "cat_ru": "Новые дела",
        "note_ru": "Не самый лучший день для начинаний, отложите их на другой лунный день.",
        "cat_en": "New cases",
        "note_en": "Not the best day to start, postpone it for another lunar day.",
        "rate": 2
      },
      {
        "cat_ru": "Принятие решений",
        "note_ru": "Не самый лучший день для принятия решений, отложите их на другой лунный день.",
        "cat_en": "Making decisions",
        "note_en": "Not the best day for making decisions, postpone them for another lunar day.",
        "rate": 2
      },
      {
        "cat_ru": "Бизнес",
        "note_ru": "Лучше не заниматься делами, возможны потери.",
        "cat_en": "Business",
        "note_en": "Better not to do business, losses are possible.",
        "rate": 1
      },
      {
        "cat_ru": "Деньги",
        "note_ru": "Сегодня можно проводить только мелкие финансовые операции.",
        "cat_en": "Money",
        "note_en": "Today only small financial transactions can be carried out.",
        "rate": 3
      },
      {
        "cat_ru": "Недвижимость",
        "note_ru": "Операции с недвижимостью совершать можно, но лучше перенести на более благоприятный день.",
        "cat_en": "Real estate",
        "note_en": "Real estate transactions can be performed, but it is better to postpone to a more favorable day.",
        "rate": 3
      },
      {
        "cat_ru": "Торговля",
        "note_ru": "Плохой день для торговых операций.",
        "cat_en": "Trade",
        "note_en": "Bad day for trading.",
        "rate": 2
      },
      {
        "cat_ru": "Судебные дела",
        "note_ru": "Очень неподходящий день для судебных споров, перенесите их на другой лунный день.",
        "cat_en": "Court cases",
        "note_en": "Very unsuitable day for legal disputes, reschedule them to another lunar day.",
        "rate": 1
      },
      {
        "cat_ru": "Учёба",
        "note_ru": "Очень хорошо обучаться или сдавать экзамены.",
        "cat_en": "Studies",
        "note_en": "Study very well or pass exams.",
        "rate": 5
      },
      {
        "cat_ru": "Общение с начальством",
        "note_ru": "Контакты с начальством в этот день не сулят ничего хорошего.",
        "cat_en": "Communication with superiors",
        "note_en": "Contacts with the authorities on this day do not bode well.",
        "rate": 2
      },
      {
        "cat_ru": "Смена работы",
        "note_ru": "Лучше перенести смену места работы на другой лунный день.",
        "cat_en": "Job change",
        "note_en": "Better to postpone the change of job to another lunar day.",
        "rate": 2
      },
      {
        "cat_ru": "Путешествия",
        "note_ru": "Луна очень не благоприятствует путешественникам.",
        "cat_en": "Trips",
        "note_en": "The moon is not very favorable for travelers.",
        "rate": 2
      },
      {
        "cat_ru": "Переезд",
        "note_ru": "Не благоприятный день.",
        "cat_en": "Moving",
        "note_en": "Not a good day.",
        "rate": 2
      },
      {
        "cat_ru": "Секс",
        "note_ru": "Лучше знать меру.",
        "cat_en": "Sex",
        "note_en": "Better to know when to stop.",
        "rate": 3
      },
      {
        "cat_ru": "Рождённые в этот день",
        "note_ru": "Они могут иметь или физические недостатки, или умственные ограничения — их здоровьем придется заниматься долго и серьезно. Люди этого дня красивы, добры, мудры, рано раскрывают себя, следуют своему идеалу, однолюбы. Одаренные высшей космической любовью, эти люди прошли весь круг воплощений. Это одно из их последних воплощений на данном уровне — на Земле они, скорее всего, больше не родятся.",
        "cat_en": "Born on this day",
        "note_en": "They may have either physical disabilities or mental limitations - their health will have to be dealt with for a long time and seriously. People of this day are beautiful, kind, wise, reveal themselves early, follow their ideal, monogamous. Gifted with the highest cosmic love, these people have gone through the whole circle of incarnations. This is one of their last incarnations at this level - most likely they will not be born on Earth again..",
        "rate": 0
      },
      {
        "cat_ru": "Питание",
        "note_ru": "Лучше воздержаться от переедания. Пища в этот день должна быть легкой, не мясной.",
        "cat_en": "Nutrition",
        "note_en": "Better to refrain from overeating. Food on this day should be light, not meaty.",
        "rate": 0
      },
      {
        "cat_ru": "Здоровье",
        "note_ru": "Заболевший в этот день или скоро поправится и станет на ноги, или его сможет спасти только немедленная неотложная помощь. Противопоказаны острые резкие запахи. День чистки сердечной мышцы.",
        "cat_en": "Health",
        "note_en": "A sick person that day will either recover soon and get back on his feet, or only immediate emergency help can save him. Sharp pungent odors are contraindicated. Heart muscle cleaning day.",
        "rate": 0
      },
      {
        "cat_ru": "Стрижка волос",
        "note_ru": "Стрижка опасна для здоровья и жизни, возможны автомобильные аварии. Кроме того, она привлечет всех самых злых врагов. .",
        "cat_en": "Haircut",
        "note_en": "A haircut is dangerous to health and life, car accidents are possible. In addition, she will attract all the most evil enemies..",
        "rate": 1
      },
      {
        "cat_ru": "Характеристика четвёртой четверти",
        "note_ru": "Время убывающей Луны, отлива, предназначено для подведения итогов и формулировки организационных выводов прошедшего этапа растущей Луны. В этот момент можно проанализировать, что получилось, а что мешает дальнейшему развитию, рассмотреть новые идеи и поработать над ними, подсчитать прибыль и подвести баланс того, что осталось после прилива. В этот период свойственен спад жизненной энергии, биоритмов, иммунитета. Возможны нервно-психические изменения и нарушения циркуляции жидкости в организме. Физическая нагрузка должна быть умеренной вплоть до уменьшения перед новолунием, больше ходите, меньше сидите. Очень эффективны прохладные ванночки для ног. Рекомендуется прохладное обливание: вначале струю на ступни ног, далее вверх до головы. За 2—3 дня до новолуния снижены резервы здоровья (особенно мужчин), поэтому целесообразно отказаться от плановых оперативных вмешательств. Исключите алкоголь, секс, жаренную и мясную пищу. Вторая и четвертая фазы Луны - лучшие периоды для голодания. Не перегружайте себя значительным употреблением жидкости и пищи. Особенно запрещается пища животного происхождения. Желательно меньше есть маслянистой, незнакомой и плохо усваиваемой пищи. Хорошо употреблять янские продукты в последней трети периода, полезны различные специи.",
        "cat_en": "Fourth quarter characteristic",
        "note_en": "The time of the waning moon, low tide, is intended to summarize and formulate the organizational conclusions of the past stage of the waxing moon. At this point, you can analyze what happened and what hinders further development, consider new ideas and work on them, calculate the profit and balance what is left after the tide. This period is characterized by a decline in vital energy, biorhythms, immunity. Neuropsychic changes and disturbances in the circulation of fluid in the body are possible. Physical activity should be moderate, up to a decrease before the new moon, walk more, sit less. Cool foot baths are very effective. Cool dousing is recommended: first, spray onto the feet, then up to the head. 2-3 days before the new moon reduced health reserves (especially men), so it is advisable to abandon planned surgical interventions. Eliminate alcohol, sex, fried and meat foods. The second and fourth phases of the moon are the best periods for fasting. Do not overwhelm yourself with significant fluid and food intake. Food of animal origin is especially prohibited. It is advisable to eat less oily, unfamiliar and poorly digestible foods. It is good to use yang products in the last third of the period, various spices are useful.",
        "rate": 0
      }
    ]
  }
]
