[
  {
    "filetype": "local",
    "num": "5",
    "data": [
      {
        "title_ru": "День стойкости День связан с определением цели",
        "cat_ru": "Общие сведения",
        "note_ru": "А потому в этот день лучше всего планировать какие-то перемены в жизни. День более благоприятен для людей, способных все взвесить и обдумать заранее, чем для людей легкомысленных – им, скорее всего, в этот день не повезет. Для них этот день несчастливый: что с воза упало, то пропало. В этот день все удается, если только вы проявите творческую активность, будете стремиться к достижению поставленной цели. День стойкости. Можно поспорить о принципах, защищать кого-нибудь. Можно и нужно активно проявлять свои чувства и эмоции – вас поймут правильно. Хорошо поплакать (во сне и наяву). Можно работать с травами, прорабатывать диеты. Фатальный, даже роковой день для преступников, любая их преступная акция обязательно будет раскрыта и повлечет за собой наказание.",
        "title_en": "Day of perseverance The day is associated with the definition of a goal",
        "cat_en": "General information",
        "note_en": "Therefore on this day it is best to plan some changes in life. The day is more favorable for people who are able to weigh everything and think it over in advance than for frivolous people - they, most likely, will not be lucky on this day. For them, this day is unlucky: what has fallen from the cart is gone. On this day, everything succeeds, if only you show creative activity, you will strive to achieve your goal. Day of perseverance. You can argue about principles, protect someone. You can and should actively show your feelings and emotions - they will understand you correctly. It is good to cry (in a dream and in reality). You can work with herbs, work out diets. A fatal, even fatal day for criminals, any of their criminal actions will definitely be disclosed and will entail punishment.",
        "rate": 5
      },
      {
        "cat_ru": "Сны",
        "note_ru": "Очень хорошо, если вы в этот день плачете во сне. Это очищение, организм таким образом приводится в порядок. Если сны связаны с дорогой, с движением - у вас все благополучно. Если снится что-то неприятное - это знак, что надо заняться своим здоровьем.",
        "cat_en": "Dreams",
        "note_en": "It is very good if you cry in your sleep that day. This cleansing, the body is thus put in order. If dreams are connected with the road, with movement, everything is fine with you. If you dream of something unpleasant, this is a sign that you need to take care of your health.",
        "rate": 5
      },
      {
        "cat_ru": "Новые дела",
        "note_ru": "Начатые дела дают обратные результаты.",
        "cat_en": "New cases",
        "note_en": "Business started backfire.",
        "rate": 1
      },
      {
        "cat_ru": "Принятие решений",
        "note_ru": "День связан с определением цели и планированием перемен.",
        "cat_en": "Making decisions",
        "note_en": "The day is associated with setting goals and planning changes.",
        "rate": 4
      },
      {
        "cat_ru": "Бизнес",
        "note_ru": "Лучше не заниматься делами, возможны потери.",
        "cat_en": "Business",
        "note_en": "Better not to do business, losses are possible.",
        "rate": 2
      },
      {
        "cat_ru": "Деньги",
        "note_ru": "Лучше держаться от финансовых вопросов подальше.",
        "cat_en": "Money",
        "note_en": "Better to stay away from financial matters.",
        "rate": 2
      },
      {
        "cat_ru": "Недвижимость",
        "note_ru": "Заниматься недвижимостью сегодня не стоит.",
        "cat_en": "Real estate",
        "note_en": "Doing real estate today is not worth it.",
        "rate": 2
      },
      {
        "cat_ru": "Торговля",
        "note_ru": "Неблагоприятный день для торговли.",
        "cat_en": "Trade",
        "note_en": "Bad day for trading.",
        "rate": 2
      },
      {
        "cat_ru": "Судебные дела",
        "note_ru": "Можно защищать кого-нибудь.",
        "cat_en": "Court cases",
        "note_en": "You can protect someone.",
        "rate": 4
      },
      {
        "cat_ru": "Учёба",
        "note_ru": "Тяжёлый день для обучения.",
        "cat_en": "Studies",
        "note_en": "Tough day for learning.",
        "rate": 2
      },
      {
        "cat_ru": "Общение с начальством",
        "note_ru": "Лучше держаться от начальства подальше.",
        "cat_en": "Communication with superiors",
        "note_en": "Better to stay away from your boss.",
        "rate": 2
      },
      {
        "cat_ru": "Смена работы",
        "note_ru": "Один из худших лунных дней для смены рода деятельности.",
        "cat_en": "Job change",
        "note_en": "One of the worst lunar days for a change of occupation.",
        "rate": 1
      },
      {
        "cat_ru": "Путешествия",
        "note_ru": "Луна не благоприятствует путешественникам.",
        "cat_en": "Trips",
        "note_en": "The moon is not favorable to travelers.",
        "rate": 2
      },
      {
        "cat_ru": "Переезд",
        "note_ru": "Переезд лучше перенести на другой день.",
        "cat_en": "Moving",
        "note_en": "It is better to postpone the move to another day.",
        "rate": 2
      },
      {
        "cat_ru": "Секс",
        "note_ru": "Лучше знать меру в сексе.",
        "cat_en": "Sex",
        "note_en": "Better to know when to stop in sex.",
        "rate": 3
      },
      {
        "cat_ru": "Рождённые в этот день",
        "note_ru": "Рождаются люди, которые трансформируют пищу в физическую и астральную энергию. Могут родиться богатыри, святые, но без серьезной помощи со стороны недолговечны. Частично им может помочь хорошая конфигурация в гороскопе рождения с сильным Юпитером, Венерой или Солнцем. Отличительная черта людей этого дня - суетливость, они не толстеют. Им нельзя есть квашеную капусту, соленые огурцы, они должны избегать продуктов, содержащих зародыши гниения.",
        "cat_en": "Born on this day",
        "note_en": "People are born who transform food into physical and astral energy. Bogatyrs, saints can be born, but without serious help from the outside they are short-lived. In part, they can be helped by a good configuration in the birth horoscope with a strong Jupiter, Venus or the Sun. A distinctive feature of the people of this day is fussiness, they do not get fat. They should not eat sauerkraut, pickles, they should avoid foods containing rotting germs.",
        "rate": 0
      },
      {
        "cat_ru": "Питание",
        "note_ru": "Идеально подходит для праздничного застолья. Следует употреблять в пищу все, к чему тянет. Это единственный день, когда пища сгорает в организме без остатка и полностью усваивается. Поэтому можно руководствоваться инстинктом и есть то, к чему тянет, так поступают многие йоги - они понемногу покупают всего, что хочется, на базаре и едят. Нельзя голодать, но избегайте употреблять убиенную пищу. Как основа питания предпочтительнее молоко, творог, мед. В этот день нужно насыщаться, но не переедать.",
        "cat_en": "Nutrition",
        "note_en": "Ideal for a festive feast. You should eat whatever you are drawn to. This is the only day when food is burned in the body without residue and is completely absorbed. Therefore, you can be guided by instinct and there is something to which you are drawn, many yogis do this - they gradually buy everything they want at the bazaar and eat. You can't starve, but avoid eating killed food. Milk, cottage cheese, honey are preferable as the basis of nutrition. On this day, you need to be full, but not overeat.",
        "rate": 0
      },
      {
        "cat_ru": "Здоровье",
        "note_ru": "Резервы здоровья ограничены и болезни этого дня могут быть опасными. Напряжённо работает кишечник, пищеварительные железы.",
        "cat_en": "Health",
        "note_en": "Health reserves are limited and illness of this day can be dangerous. The intestines and digestive glands work hard.",
        "rate": 0
      },
      {
        "cat_ru": "Стрижка волос",
        "note_ru": "Cтрижка волос приведет к увеличению собственности, вы можете стать немного богаче.",
        "cat_en": "Haircut",
        "note_en": "Trimming your hair will increase your property, you can get a little richer.",
        "rate": 5
      },
      {
        "cat_ru": "Характеристика первой четверти",
        "note_ru": "Это активное, честолюбивое и напряжённое время. Оно отличается стремительным движением вперёд и стимулом к прогрессу. Возникает атмосфера энергии и энтузиазма. Но при этом возникают проблемы и острые ситуации, разногласия и конфликты. Часто происходят конфликты между мужчинами и женщинами, взрослыми и детьми. Появляется искушение сорить деньгами. Повышается опасность травматизма и аварийность на дорогах из-за неосторожности. Увеличивается подверженность простудным заболеваниям, обостряются хронические заболевания. В это время часто появляется тенденция к чрезмерноме оптимизму, поэтому помните, что впоследствии вам придётся расплачиваться за все ошибки, совершённые в это время. Это подходящее время для напряжённой работы без расслабления. Не следует уклоняться от трудных разговоров и неприятных встреч, полезно разрешать конфликты и преодолевать разногласия. Это не время для созерцания, а время действий. Но презентации и рекламные показы стоит отложить. На растущей Луне принято начинать новые дела. Всё, что должно быть введено, строит и укрепляет, имеет двойное воздействие. Чем больше растёт Луна, тем неблагоприятнее могут протекать операции и заживление повреждений. И ещё: например, бельё при том же количестве моющих средств не будет после стирки таким чистым, как при убывающей Луне. Замечено, что при растущей Луне и в полнолуние рождается больше детей.",
        "cat_en": "First quarter characteristics",
        "note_en": "This is an active, ambitious and stressful time. It is distinguished by its rapid movement forward and an incentive to progress. An atmosphere of energy and enthusiasm arises. But at the same time, problems and acute situations, disagreements and conflicts arise. Conflicts often occur between men and women, adults and children. There is a temptation to waste money. The risk of injury and road accidents increases due to negligence. The susceptibility to colds increases, chronic diseases are exacerbated. During this time, there is often a tendency to be overly optimistic, so remember that later you will have to pay for all the mistakes made during this time. This is the right time for strenuous work without relaxation. You should not shy away from difficult conversations and unpleasant encounters, it is useful to resolve conflicts and overcome differences. This is not a time for contemplation, but a time for action. But presentations and ad impressions should be postponed. On the growing moon, it is customary to start new business. Anything that needs to be introduced, builds and strengthens, has a double effect. The more the moon grows, the more unfavorable operations and healing of injuries can proceed. And one more thing: for example, laundry with the same amount of detergents will not be as clean after washing as during the waning moon. It is noticed that with the growing moon and at full moon more children are born.",
        "rate": 0
      }
    ]
  }
]
