[{"filetype":"local","data":[{"data_in":"2021-08-02","data_out":"2021-08-02","time_in":"10:41:00","time_out":"11:46:00"},{"data_in":"2021-08-04","data_out":"2021-08-04","time_in":"22:38:00","time_out":"23:59:59"},{"data_in":"2021-08-05","data_out":"2021-08-05","time_in":"00:00:00","time_out":"00:17:00"},{"data_in":"2021-08-07","data_out":"2021-08-07","time_in":"01:12:00","time_out":"10:31:00"},{"data_in":"2021-08-09","data_out":"2021-08-09","time_in":"15:23:00","time_out":"17:56:00"},{"data_in":"2021-08-11","data_out":"2021-08-11","time_in":"14:22:00","time_out":"23:08:00"},{"data_in":"2021-08-13","data_out":"2021-08-13","time_in":"23:39:00","time_out":"23:59:59"},{"data_in":"2021-08-14","data_out":"2021-08-14","time_in":"00:00:00","time_out":"03:01:00"},{"data_in":"2021-08-16","data_out":"2021-08-16","time_in":"06:05:00","time_out":"06:12:00"},{"data_in":"2021-08-18","data_out":"2021-08-18","time_in":"04:43:00","time_out":"08:58:00"},{"data_in":"2021-08-20","data_out":"2021-08-20","time_in":"02:59:00","time_out":"11:49:00"},{"data_in":"2021-08-22","data_out":"2021-08-22","time_in":"15:02:00","time_out":"15:42:00"},{"data_in":"2021-08-24","data_out":"2021-08-24","time_in":"12:12:00","time_out":"21:57:00"},{"data_in":"2021-08-27","data_out":"2021-08-27","time_in":"00:14:00","time_out":"07:27:00"},{"data_in":"2021-08-29","data_out":"2021-08-29","time_in":"17:58:00","time_out":"19:42:00"},{"data_in":"2021-09-01","data_out":"2021-09-01","time_in":"00:00:00","time_out":"08:26:00"},{"data_in":"2021-09-03","data_out":"2021-09-03","time_in":"08:37:00","time_out":"18:58:00"},{"data_in":"2021-09-05","data_out":"2021-09-05","time_in":"17:22:00","time_out":"23:59:59"},{"data_in":"2021-09-06","data_out":"2021-08-14","time_in":"00:00:00","time_out":"03:01:00"},{"data_in":"2021-09-07","data_out":"2021-09-07","time_in":"22:23:00","time_out":"06:20:00"},{"data_in":"2021-09-10","data_out":"2021-09-10","time_in":"07:48:00","time_out":"09:05:00"},{"data_in":"2021-09-12","data_out":"2021-09-12","time_in":"08:33:00","time_out":"11:34:00"},{"data_in":"2021-09-14","data_out":"2021-09-14","time_in":"13:57:00","time_out":"14:34:00"},{"data_in":"2021-09-16","data_out":"2021-09-16","time_in":"08:40:00","time_out":"18:23:00"},{"data_in":"2021-09-18","data_out":"2021-09-18","time_in":"12:14:00","time_out":"23:22:00"},{"data_in":"2021-09-21","data_out":"2021-09-21","time_in":"02:55:00","time_out":"06:13:00"},{"data_in":"2021-09-23","data_out":"2021-09-23","time_in":"05:05:00","time_out":"15:38:00"},{"data_in":"2021-09-25","data_out":"2021-09-25","time_in":"16:09:00","time_out":"23:59:59"},{"data_in":"2021-09-26","data_out":"2021-08-14","time_in":"00:00:00","time_out":"03:01:00"},{"data_in":"2021-09-28","data_out":"2021-09-28","time_in":"07:18:00","time_out":"16:34:00"},{"data_in":"2021-10-01","data_out":"2021-10-01","time_in":"00:00:00","time_out":"03:53:00"},{"data_in":"2021-10-03","data_out":"2021-10-03","time_in":"02:43:00","time_out":"11:38:00"},{"data_in":"2021-10-05","data_out":"2021-10-05","time_in":"11:46:00","time_out":"15:41:00"},{"data_in":"2021-10-07","data_out":"2021-10-07","time_in":"08:03:00","time_out":"17:22:00"},{"data_in":"2021-10-09","data_out":"2021-10-09","time_in":"09:05:00","time_out":"18:24:00"},{"data_in":"2021-10-11","data_out":"2021-10-11","time_in":"07:30:00","time_out":"20:15:00"},{"data_in":"2021-10-13","data_out":"2021-10-13","time_in":"13:53:00","time_out":"23:47:00"},{"data_in":"2021-10-15","data_out":"2021-10-15","time_in":"15:33:00","time_out":"23:59:59"},{"data_in":"2021-10-16","data_out":"2021-08-14","time_in":"00:00:00","time_out":"03:01:00"},{"data_in":"2021-10-18","data_out":"2021-10-18","time_in":"02:24:00","time_out":"13:04:00"},{"data_in":"2021-10-20","data_out":"2021-10-20","time_in":"17:57:00","time_out":"22:59:00"},{"data_in":"2021-10-22","data_out":"2021-10-22","time_in":"23:35:00","time_out":"23:59:59"},{"data_in":"2021-10-23","data_out":"2021-08-14","time_in":"00:00:00","time_out":"03:01:00"},{"data_in":"2021-10-25","data_out":"2021-10-25","time_in":"17:11:00","time_out":"00:00:00"},{"data_in":"2021-10-28","data_out":"2021-10-28","time_in":"09:02:00","time_out":"12:07:00"},{"data_in":"2021-10-30","data_out":"2021-10-30","time_in":"10:05:00","time_out":"21:09:00"},{"data_in":"2021-11-01","data_out":"2021-11-01","time_in":"20:00:00","time_out":"23:59:59"},{"data_in":"2021-11-02","data_out":"2021-11-02","time_in":"00:00:00","time_out":"02:11:00"},{"data_in":"2021-11-04","data_out":"2021-11-04","time_in":"01:32:00","time_out":"03:52:00"},{"data_in":"2021-11-05","data_out":"2021-11-05","time_in":"19:10:00","time_out":"23:59:59"},{"data_in":"2021-11-06","data_out":"2021-08-14","time_in":"00:00:00","time_out":"03:01:00"},{"data_in":"2021-11-07","data_out":"2021-11-07","time_in":"16:44:00","time_out":"23:59:59"},{"data_in":"2021-11-08","data_out":"2021-08-14","time_in":"00:00:00","time_out":"03:01:00"},{"data_in":"2021-11-09","data_out":"2021-11-09","time_in":"20:51:00","time_out":"23:59:59"},{"data_in":"2021-11-10","data_out":"2021-11-10","time_in":"00:00:00","time_out":"06:03:00"},{"data_in":"2021-11-11","data_out":"2021-11-11","time_in":"22:52:00","time_out":"23:59:59"},{"data_in":"2021-11-12","data_out":"2021-08-14","time_in":"00:00:00","time_out":"03:01:00"},{"data_in":"2021-11-14","data_out":"2021-11-14","time_in":"08:40:00","time_out":"18:48:00"},{"data_in":"2021-11-16","data_out":"2021-11-16","time_in":"18:51:00","time_out":"23:59:59"},{"data_in":"2021-11-17","data_out":"2021-08-14","time_in":"00:00:00","time_out":"03:01:00"},{"data_in":"2021-11-19","data_out":"2021-11-19","time_in":"11:57:00","time_out":"17:33:00"},{"data_in":"2021-11-21","data_out":"2021-11-21","time_in":"18:52:00","time_out":"23:59:59"},{"data_in":"2021-11-22","data_out":"2021-08-14","time_in":"00:00:00","time_out":"03:01:00"},{"data_in":"2021-11-24","data_out":"2021-11-24","time_in":"08:46:00","time_out":"18:58:00"},{"data_in":"2021-11-26","data_out":"2021-11-26","time_in":"19:24:00","time_out":"23:59:59"},{"data_in":"2021-11-27","data_out":"2021-08-14","time_in":"00:00:00","time_out":"03:01:00"},{"data_in":"2021-11-29","data_out":"2021-11-29","time_in":"03:02:00","time_out":"11:55:00"},{"data_in":"2021-12-01","data_out":"2021-12-01","time_in":"07:19:59","time_out":"14:55:00"},{"data_in":"2021-12-03","data_out":"2021-12-03","time_in":"08:22:00","time_out":"15:13:00"},{"data_in":"2021-12-05","data_out":"2021-12-05","time_in":"08:07:59","time_out":"14:30:59"},{"data_in":"2021-12-07","data_out":"2021-12-07","time_in":"07:41:59","time_out":"14:48:00"},{"data_in":"2021-12-09","data_out":"2021-12-09","time_in":"12:59:00","time_out":"17:52:59"},{"data_in":"2021-12-11","data_out":"2021-12-11","time_in":"22:40:00","time_out":"23:59:58"},{"data_in":"2021-12-12","data_out":"2021-08-14","time_in":"00:00:00","time_out":"03:01:00"},{"data_in":"2021-12-14","data_out":"2021-12-14","time_in":"05:51:59","time_out":"11:10:59"},{"data_in":"2021-12-16","data_out":"2021-12-16","time_in":"19:08:00","time_out":"23:42:59"},{"data_in":"2021-12-19","data_out":"2021-12-19","time_in":"09:01:59","time_out":"12:42:00"},{"data_in":"2021-12-21","data_out":"2021-12-21","time_in":"17:44:00","time_out":"23:59:58"},{"data_in":"2021-12-22","data_out":"2021-12-22","time_in":"00:00:00","time_out":"00:53:59"},{"data_in":"2021-12-24","data_out":"2021-12-24","time_in":"09:39:00","time_out":"11:23:59"},{"data_in":"2021-12-26","data_out":"2021-12-26","time_in":"11:39:00","time_out":"19:24:00"},{"data_in":"2021-12-29","data_out":"2021-12-29","time_in":"00:11:00","time_out":"00:15:59"},{"data_in":"2021-12-30","data_out":"2021-12-30","time_in":"20:10:00","time_out":"23:59:58"},{"data_in":"2021-12-31","data_out":"2021-12-31","time_in":"00:00:00","time_out":"02:07:59"},{"data_in":"2022-01-01","data_out":"2022-01-01","time_in":"11:16:00","time_out":"02:01:59"},{"data_in":"2022-01-03","data_out":"2022-01-03","time_in":"19:19:59","time_out":"23:59:58"},{"data_in":"2022-01-04","data_out":"2022-01-04","time_in":"00:00:00","time_out":"01:44:00"},{"data_in":"2022-01-05","data_out":"2022-01-05","time_in":"03:45:00","time_out":"03:15:59"},{"data_in":"2022-01-08","data_out":"2022-01-08","time_in":"01:22:59","time_out":"08:26:00"},{"data_in":"2022-01-10","data_out":"2022-01-10","time_in":"10:22:59","time_out":"17:46:59"},{"data_in":"2022-01-12","data_out":"2022-01-12","time_in":"22:38:59","time_out":"23:59:58"},{"data_in":"2022-01-13","data_out":"2022-01-13","time_in":"00:00:00","time_out":"06:08:00"},{"data_in":"2022-01-15","data_out":"2022-01-15","time_in":"05:20:59","time_out":"19:11:00"},{"data_in":"2022-01-18","data_out":"2022-01-18","time_in":"02:48:00","time_out":"07:02:59"},{"data_in":"2022-01-20","data_out":"2022-01-20","time_in":"11:15:00","time_out":"17:01:59"},{"data_in":"2022-01-22","data_out":"2022-01-22","time_in":"22:45:59","time_out":"23:59:58"},{"data_in":"2022-01-23","data_out":"2022-01-23","time_in":"00:00:00","time_out":"01:02:59"},{"data_in":"2022-01-25","data_out":"2022-01-25","time_in":"01:09:59","time_out":"06:56:59"},{"data_in":"2022-01-27","data_out":"2022-01-27","time_in":"08:28:00","time_out":"10:34:00"},{"data_in":"2022-01-28","data_out":"2022-01-28","time_in":"21:59:59","time_out":"23:59:58"},{"data_in":"2022-01-29","data_out":"2022-01-29","time_in":"00:00:00","time_out":"12:08:59"},{"data_in":"2022-01-31","data_out":"2022-01-31","time_in":"07:44:00","time_out":"12:42:00"},{"data_in":"2022-02-01","data_out":"2022-02-01","time_in":"14:00:59","time_out":"23:59:58"},{"data_in":"2022-02-02","data_out":"2022-02-02","time_in":"00:00:00","time_out":"13:59:00"},{"data_in":"2022-02-04","data_out":"2022-02-04","time_in":"12:40:59","time_out":"17:55:59"},{"data_in":"2022-02-06","data_out":"2022-02-06","time_in":"20:20:59","time_out":"01:51:59"},{"data_in":"2022-02-06","data_out":"2022-02-06","time_in":"20:20:59","time_out":"01:51:59"},{"data_in":"2022-02-09","data_out":"2022-02-09","time_in":"07:47:59","time_out":"13:27:00"},{"data_in":"2022-02-11","data_out":"2022-02-11","time_in":"11:22:00","time_out":"23:59:58"},{"data_in":"2022-02-12","data_out":"2022-02-12","time_in":"00:00:00","time_out":"02:26:59"},{"data_in":"2022-02-14","data_out":"2022-02-14","time_in":"13:27:00","time_out":"14:16:59"},{"data_in":"2022-02-16","data_out":"2022-02-16","time_in":"19:56:00","time_out":"23:42:00"},{"data_in":"2022-02-19","data_out":"2022-02-19","time_in":"02:19:00","time_out":"06:50:59"},{"data_in":"2022-02-21","data_out":"2022-02-21","time_in":"08:01:59","time_out":"12:18:59"},{"data_in":"2022-02-23","data_out":"2022-02-23","time_in":"12:24:00","time_out":"16:28:59"},{"data_in":"2022-02-25","data_out":"2022-02-25","time_in":"06:24:00","time_out":"19:27:00"},{"data_in":"2022-02-27","data_out":"2022-02-27","time_in":"17:48:59","time_out":"21:34:59"},{"data_in":"2022-03-01","data_out":"2022-03-01","time_in":"05:00:59","time_out":"23:52:59"},{"data_in":"2022-03-04","data_out":"2022-03-04","time_in":"00:45:00","time_out":"03:52:00"},{"data_in":"2022-03-06","data_out":"2022-03-06","time_in":"07:00:59","time_out":"11:00:00"},{"data_in":"2022-03-08","data_out":"2022-03-08","time_in":"17:35:00","time_out":"21:39:00"},{"data_in":"2022-03-10","data_out":"2022-03-10","time_in":"19:41:59","time_out":"23:59:58"},{"data_in":"2022-03-11","data_out":"2022-03-11","time_in":"00:00:00","time_out":"10:24:00"},{"data_in":"2022-03-13","data_out":"2022-03-13","time_in":"18:43:59","time_out":"22:31:00"},{"data_in":"2022-03-15","data_out":"2022-03-15","time_in":"13:56:00","time_out":"23:59:58"},{"data_in":"2022-03-16","data_out":"2022-03-16","time_in":"00:00:00","time_out":"07:59:00"},{"data_in":"2022-03-18","data_out":"2022-03-18","time_in":"11:10:59","time_out":"14:26:00"},{"data_in":"2022-03-20","data_out":"2022-03-20","time_in":"15:40:00","time_out":"18:43:59"},{"data_in":"2022-03-22","data_out":"2022-03-22","time_in":"19:00:59","time_out":"21:59:00"},{"data_in":"2022-03-24","data_out":"2022-03-24","time_in":"15:59:00","time_out":"23:59:58"},{"data_in":"2022-03-25","data_out":"2022-03-25","time_in":"00:00:00","time_out":"00:53:59"},{"data_in":"2022-03-27","data_out":"2022-03-27","time_in":"02:51:00","time_out":"03:55:00"},{"data_in":"2022-03-28","data_out":"2022-03-28","time_in":"17:10:59","time_out":"23:59:58"},{"data_in":"2022-03-29","data_out":"2022-03-29","time_in":"00:00:00","time_out":"07:31:00"},{"data_in":"2022-03-31","data_out":"2022-03-31","time_in":"09:36:59","time_out":"12:30:00"},{"data_in":"2022-04-02","data_out":"2022-04-02","time_in":"16:50:59","time_out":"19:50:00"},{"data_in":"2022-04-05","data_out":"2022-04-05","time_in":"04:53:00","time_out":"06:04:00"},{"data_in":"2022-04-07","data_out":"2022-04-07","time_in":"06:14:59","time_out":"18:30:00"},{"data_in":"2022-04-10","data_out":"2022-04-10","time_in":"04:00:59","time_out":"06:59:59"},{"data_in":"2022-04-12","data_out":"2022-04-12","time_in":"13:15:59","time_out":"17:06:59"},{"data_in":"2022-04-14","data_out":"2022-04-14","time_in":"21:11:00","time_out":"23:45:59"},{"data_in":"2022-04-17","data_out":"2022-04-17","time_in":"00:56:59","time_out":"03:23:00"},{"data_in":"2022-04-19","data_out":"2022-04-19","time_in":"02:55:00","time_out":"05:16:00"},{"data_in":"2022-04-20","data_out":"2022-04-20","time_in":"23:55:59","time_out":"23:59:58"},{"data_in":"2022-04-21","data_out":"2022-04-21","time_in":"00:00:00","time_out":"06:52:00"},{"data_in":"2022-04-23","data_out":"2022-04-23","time_in":"06:53:00","time_out":"09:17:00"},{"data_in":"2022-04-25","data_out":"2022-04-25","time_in":"03:33:00","time_out":"13:14:00"},{"data_in":"2022-04-27","data_out":"2022-04-27","time_in":"16:35:59","time_out":"19:09:59"},{"data_in":"2022-04-30","data_out":"2022-04-30","time_in":"00:37:59","time_out":"03:18:59"},{"data_in":"2022-05-02","data_out":"2022-05-02","time_in":"13:12:59","time_out":"13:45:59"},{"data_in":"2022-05-04","data_out":"2022-05-04","time_in":"23:36:59","time_out":"23:59:58"},{"data_in":"2022-05-05","data_out":"2022-05-05","time_in":"00:00:00","time_out":"02:04:59"},{"data_in":"2022-05-07","data_out":"2022-05-07","time_in":"13:25:00","time_out":"14:49:59"},{"data_in":"2022-05-09","data_out":"2022-05-09","time_in":"15:37:59","time_out":"23:59:58"},{"data_in":"2022-05-10","data_out":"2022-05-10","time_in":"00:00:00","time_out":"01:53:00"},{"data_in":"2022-05-12","data_out":"2022-05-12","time_in":"06:59:00","time_out":"09:33:59"},{"data_in":"2022-05-14","data_out":"2022-05-14","time_in":"11:06:59","time_out":"13:34:00"},{"data_in":"2022-05-16","data_out":"2022-05-16","time_in":"12:27:59","time_out":"14:49:59"},{"data_in":"2022-05-18","data_out":"2022-05-18","time_in":"06:59:00","time_out":"15:01:59"},{"data_in":"2022-05-20","data_out":"2022-05-20","time_in":"14:58:59","time_out":"15:53:00"},{"data_in":"2022-05-22","data_out":"2022-05-22","time_in":"10:18:59","time_out":"18:49:00"},{"data_in":"2022-05-25","data_out":"2022-05-25","time_in":"00:33:00","time_out":"00:39:00"},{"data_in":"2022-05-27","data_out":"2022-05-27","time_in":"06:20:00","time_out":"09:21:59"},{"data_in":"2022-05-29","data_out":"2022-05-29","time_in":"17:10:00","time_out":"23:59:58"},{"data_in":"2022-05-30","data_out":"2022-05-29","time_in":"00:00:00","time_out":"20:22:00"},{"data_in":"2022-06-03","data_out":"2022-06-03","time_in":"18:14:59","time_out":"21:37:59"},{"data_in":"2022-06-06","data_out":"2022-06-06","time_in":"02:12:00","time_out":"09:21:59"},{"data_in":"2022-06-08","data_out":"2022-06-08","time_in":"15:08:59","time_out":"18:23:00"},{"data_in":"2022-06-10","data_out":"2022-06-10","time_in":"20:35:59","time_out":"23:41:00"},{"data_in":"2022-06-13","data_out":"2022-06-13","time_in":"00:40:00","time_out":"01:31:00"},{"data_in":"2022-06-14","data_out":"2022-06-14","time_in":"17:58:00","time_out":"23:59:58"},{"data_in":"2022-06-15","data_out":"2022-06-15","time_in":"00:00:00","time_out":"01:14:00"},{"data_in":"2022-06-16","data_out":"2022-06-16","time_in":"21:40:59","time_out":"00:43:59"},{"data_in":"2022-06-18","data_out":"2022-06-18","time_in":"21:49:59","time_out":"02:00:59"},{"data_in":"2022-06-21","data_out":"2022-06-21","time_in":"06:11:00","time_out":"06:36:59"},{"data_in":"2022-06-23","data_out":"2022-06-23","time_in":"11:01:59","time_out":"14:58:00"},{"data_in":"2022-06-25","data_out":"2022-06-25","time_in":"22:02:00","time_out":"23:59:58"},{"data_in":"2022-06-26","data_out":"2022-06-26","time_in":"00:00:00","time_out":"02:13:00"},{"data_in":"2022-06-28","data_out":"2022-06-28","time_in":"05:38:00","time_out":"23:59:58"},{"data_in":"2022-06-29","data_out":"2022-06-28","time_in":"00:00:00","time_out":"14:52:59"},{"data_in":"2022-07-03","data_out":"2022-07-03","time_in":"12:59:00","time_out":"15:30:59"},{"data_in":"2022-07-05","data_out":"2022-07-05","time_in":"21:02:59","time_out":"23:59:58"},{"data_in":"2022-07-06","data_out":"2022-07-06","time_in":"00:00:00","time_out":"01:25:00"},{"data_in":"2022-07-08","data_out":"2022-07-08","time_in":"04:03:59","time_out":"08:15:00"},{"data_in":"2022-07-10","data_out":"2022-07-10","time_in":"07:34:00","time_out":"11:33:59"},{"data_in":"2022-07-12","data_out":"2022-07-12","time_in":"04:41:59","time_out":"12:01:00"},{"data_in":"2022-07-14","data_out":"2022-07-14","time_in":"07:16:59","time_out":"11:13:00"},{"data_in":"2022-07-16","data_out":"2022-07-16","time_in":"07:35:59","time_out":"11:17:59"},{"data_in":"2022-07-18","data_out":"2022-07-18","time_in":"09:43:00","time_out":"14:16:59"},{"data_in":"2022-07-20","data_out":"2022-07-20","time_in":"17:19:00","time_out":"21:23:00"},{"data_in":"2022-07-23","data_out":"2022-07-23","time_in":"02:45:00","time_out":"08:10:59"},{"data_in":"2022-07-25","data_out":"2022-07-25","time_in":"11:13:59","time_out":"20:54:00"},{"data_in":"2022-07-28","data_out":"2022-07-28","time_in":"03:53:59","time_out":"09:36:00"},{"data_in":"2022-07-30","data_out":"2022-07-30","time_in":"07:28:59","time_out":"21:10:00"},{"data_in":"2022-08-02","data_out":"2022-08-02","time_in":"01:28:59","time_out":"07:05:00"},{"data_in":"2022-08-04","data_out":"2022-08-04","time_in":"09:18:59","time_out":"14:46:59"},{"data_in":"2022-08-06","data_out":"2022-08-06","time_in":"14:23:59","time_out":"19:38:00"},{"data_in":"2022-08-08","data_out":"2022-08-08","time_in":"13:30:00","time_out":"21:39:00"},{"data_in":"2022-08-10","data_out":"2022-08-10","time_in":"19:38:59","time_out":"21:45:00"},{"data_in":"2022-08-12","data_out":"2022-08-12","time_in":"14:06:59","time_out":"21:43:59"},{"data_in":"2022-08-14","data_out":"2022-08-14","time_in":"18:10:00","time_out":"23:42:59"},{"data_in":"2022-08-16","data_out":"2022-08-16","time_in":"23:17:59","time_out":"23:59:58"},{"data_in":"2022-08-17","data_out":"2022-08-17","time_in":"00:00:00","time_out":"05:22:00"},{"data_in":"2022-08-19","data_out":"2022-08-19","time_in":"14:04:59","time_out":"15:05:59"},{"data_in":"2022-08-22","data_out":"2022-08-22","time_in":"01:05:59","time_out":"03:29:00"},{"data_in":"2022-08-24","data_out":"2022-08-24","time_in":"12:40:00","time_out":"16:09:00"},{"data_in":"2022-08-26","data_out":"2022-08-26","time_in":"09:55:00","time_out":"23:59:58"},{"data_in":"2022-08-27","data_out":"2022-08-27","time_in":"00:00:00","time_out":"03:24:59"},{"data_in":"2022-08-29","data_out":"2022-08-29","time_in":"06:08:00","time_out":"12:45:00"},{"data_in":"2022-08-31","data_out":"2022-08-31","time_in":"13:43:00","time_out":"20:10:59"},{"data_in":"2022-09-02","data_out":"2022-09-02","time_in":"20:22:00","time_out":"01:38:59"},{"data_in":"2022-09-05","data_out":"2022-09-05","time_in":"04:50:59","time_out":"05:01:59"},{"data_in":"2022-09-07","data_out":"2022-09-07","time_in":"00:43:00","time_out":"06:40:59"},{"data_in":"2022-09-08","data_out":"2022-09-08","time_in":"15:33:00","time_out":"23:59:58"},{"data_in":"2022-09-09","data_out":"2022-09-09","time_in":"00:00:00","time_out":"07:41:59"},{"data_in":"2022-09-11","data_out":"2022-09-11","time_in":"03:29:00","time_out":"09:46:59"},{"data_in":"2022-09-13","data_out":"2022-09-13","time_in":"07:53:00","time_out":"14:39:00"},{"data_in":"2022-09-15","data_out":"2022-09-15","time_in":"15:59:00","time_out":"23:16:00"},{"data_in":"2022-09-18","data_out":"2022-09-18","time_in":"00:52:00","time_out":"10:59:00"},{"data_in":"2022-09-20","data_out":"2022-09-20","time_in":"18:56:59","time_out":"23:38:00"},{"data_in":"2022-09-22","data_out":"2022-09-22","time_in":"14:06:59","time_out":"23:59:58"},{"data_in":"2022-09-23","data_out":"2022-09-23","time_in":"00:00:00","time_out":"10:53:00"},{"data_in":"2022-09-25","data_out":"2022-09-25","time_in":"15:49:00","time_out":"19:43:00"},{"data_in":"2022-09-27","data_out":"2022-09-27","time_in":"19:21:00","time_out":"23:59:58"},{"data_in":"2022-09-28","data_out":"2022-09-28","time_in":"00:00:00","time_out":"02:13:59"},{"data_in":"2022-09-30","data_out":"2022-09-30","time_in":"00:20:00","time_out":"07:02:59"},{"data_in":"2022-10-02","data_out":"2022-10-02","time_in":"00:46:00","time_out":"10:38:00"},{"data_in":"2022-10-04","data_out":"2022-10-04","time_in":"06:49:00","time_out":"13:19:59"},{"data_in":"2022-10-06","data_out":"2022-10-06","time_in":"01:44:59","time_out":"15:46:59"},{"data_in":"2022-10-08","data_out":"2022-10-08","time_in":"14:10:00","time_out":"18:56:00"},{"data_in":"2022-10-10","data_out":"2022-10-10","time_in":"17:01:59","time_out":"23:59:58"},{"data_in":"2022-10-11","data_out":"2022-10-11","time_in":"00:00:00","time_out":"00:02:59"},{"data_in":"2022-10-13","data_out":"2022-10-13","time_in":"00:42:00","time_out":"08:07:59"},{"data_in":"2022-10-15","data_out":"2022-10-15","time_in":"07:11:00","time_out":"19:11:00"},{"data_in":"2022-10-17","data_out":"2022-10-17","time_in":"23:55:59","time_out":"23:59:58"},{"data_in":"2022-10-18","data_out":"2022-10-18","time_in":"00:00:00","time_out":"07:44:00"},{"data_in":"2022-10-20","data_out":"2022-10-20","time_in":"13:34:59","time_out":"19:25:00"},{"data_in":"2022-10-22","data_out":"2022-10-22","time_in":"21:17:00","time_out":"23:59:58"},{"data_in":"2022-10-23","data_out":"2022-10-23","time_in":"00:00:00","time_out":"04:24:00"},{"data_in":"2022-10-25","data_out":"2022-10-25","time_in":"03:36:00","time_out":"10:18:00"},{"data_in":"2022-10-27","data_out":"2022-10-27","time_in":"07:27:00","time_out":"13:54:00"},{"data_in":"2022-10-29","data_out":"2022-10-29","time_in":"16:09:59","time_out":"16:21:00"},{"data_in":"2022-10-31","data_out":"2022-10-31","time_in":"18:14:00","time_out":"18:43:00"},{"data_in":"2022-11-02","data_out":"2022-11-02","time_in":"14:07:59","time_out":"21:46:00"},{"data_in":"2022-11-05","data_out":"2022-11-05","time_in":"01:05:00","time_out":"02:06:59"},{"data_in":"2022-11-07","data_out":"2022-11-07","time_in":"01:30:00","time_out":"08:15:00"},{"data_in":"2022-11-09","data_out":"2022-11-09","time_in":"15:00:00","time_out":"16:37:00"},{"data_in":"2022-11-12","data_out":"2022-11-12","time_in":"01:28:00","time_out":"03:21:59"},{"data_in":"2022-11-14","data_out":"2022-11-14","time_in":"13:41:00","time_out":"15:47:59"},{"data_in":"2022-11-17","data_out":"2022-11-17","time_in":"02:55:00","time_out":"04:02:59"},{"data_in":"2022-11-19","data_out":"2022-11-19","time_in":"11:45:59","time_out":"13:57:00"},{"data_in":"2022-11-21","data_out":"2022-11-21","time_in":"14:13:59","time_out":"20:16:00"},{"data_in":"2022-11-23","data_out":"2022-11-23","time_in":"21:15:59","time_out":"23:15:00"},{"data_in":"2022-11-25","data_out":"2022-11-25","time_in":"22:21:59","time_out":"23:59:58"},{"data_in":"2022-11-26","data_out":"2022-11-26","time_in":"00:00:00","time_out":"00:17:59"},{"data_in":"2022-11-27","data_out":"2022-11-27","time_in":"23:10:59","time_out":"23:59:58"},{"data_in":"2022-11-28","data_out":"2022-11-28","time_in":"00:00:00","time_out":"01:06:59"},{"data_in":"2022-11-29","data_out":"2022-11-29","time_in":"09:53:00","time_out":"23:59:58"},{"data_in":"2022-11-30","data_out":"2022-11-30","time_in":"00:00:00","time_out":"03:14:59"},{"data_in":"2022-12-02","data_out":"2022-12-02","time_in":"05:44:00","time_out":"07:41:00"},{"data_in":"2022-12-04","data_out":"2022-12-04","time_in":"08:45:59","time_out":"14:38:00"},{"data_in":"2022-12-06","data_out":"2022-12-06","time_in":"22:02:00","time_out":"23:48:00"},{"data_in":"2022-12-09","data_out":"2022-12-09","time_in":"09:13:00","time_out":"10:48:59"},{"data_in":"2022-12-11","data_out":"2022-12-11","time_in":"21:49:00","time_out":"23:09:00"},{"data_in":"2022-12-13","data_out":"2022-12-13","time_in":"18:52:00","time_out":"23:59:58"},{"data_in":"2022-12-14","data_out":"2022-12-14","time_in":"00:00:00","time_out":"11:45:00"},{"data_in":"2022-12-16","data_out":"2022-12-16","time_in":"22:12:59","time_out":"22:48:59"},{"data_in":"2022-12-19","data_out":"2022-12-19","time_in":"01:34:59","time_out":"06:30:00"},{"data_in":"2022-12-21","data_out":"2022-12-21","time_in":"05:45:00","time_out":"10:12:00"},{"data_in":"2022-12-22","data_out":"2022-12-22","time_in":"23:16:00","time_out":"23:59:58"},{"data_in":"2022-12-23","data_out":"2022-12-23","time_in":"00:00:00","time_out":"10:48:59"},{"data_in":"2022-12-25","data_out":"2022-12-25","time_in":"06:11:00","time_out":"10:14:00"},{"data_in":"2022-12-26","data_out":"2022-12-26","time_in":"21:18:59","time_out":"23:59:58"},{"data_in":"2022-12-27","data_out":"2022-12-27","time_in":"00:00:00","time_out":"10:34:00"},{"data_in":"2022-12-29","data_out":"2022-12-29","time_in":"09:20:00","time_out":"13:35:59"},{"data_in":"2022-12-31","data_out":"2022-12-31","time_in":"15:43:59","time_out":"20:07:59"}]}]
